movement_id,product_id,store_id,movement_type,qty_delta,reference_id,moved_at,note
INVMOVE0001,POS-PROD0010,POS001,Sale,-2.0,REC00000001,2025-06-01 21:20:30,Sold via REC00000001
INVMOVE0002,POS-PROD0019,POS001,Sale,-1.0,REC00000001,2025-06-01 21:20:30,Sold via REC00000001
INVMOVE0003,POS-PROD0016,POS001,Sale,-3.0,REC00000001,2025-06-01 21:20:30,Sold via REC00000001
INVMOVE0004,POS-PROD0016,POS001,Adjustment,2.0,ADJ0001,2025-06-02 08:00:30,Stock adjustment ADJ0001
INVMOVE0005,POS-PROD0016,POS001,Stock In,98.0,PO0001,2025-06-03 05:38:30,New stock delivery
INVMOVE0006,POS-PROD0020,POS001,Sale,-1.0,REC00000001,2025-06-01 21:20:30,Sold via REC00000001
INVMOVE0007,POS-PROD0005,POS001,Sale,-2.0,REC00000001,2025-06-01 21:20:30,Sold via REC00000001
INVMOVE0008,POS-PROD0005,POS001,Adjustment,2.0,ADJ0002,2025-06-02 17:12:30,Stock adjustment ADJ0002
INVMOVE0009,POS-PROD0001,POS001,Sale,-1.0,REC00000002,2025-08-21 10:27:16,Sold via REC00000002
INVMOVE0010,POS-PROD0005,POS001,Sale,-2.0,REC00000002,2025-08-21 10:27:16,Sold via REC00000002
INVMOVE0011,POS-PROD0019,POS002,Sale,-2.0,REC00000003,2025-08-27 15:07:02,Sold via REC00000003
INVMOVE0012,POS-PROD0016,POS002,Sale,-3.0,REC00000003,2025-08-27 15:07:02,Sold via REC00000003
INVMOVE0013,POS-PROD0016,POS002,Stock In,58.0,PO0002,2025-08-27 20:19:02,New stock delivery
INVMOVE0014,POS-PROD0016,POS002,Return,1.0,RTN0001,2025-08-27 21:33:02,Customer return RTN0001
INVMOVE0015,POS-PROD0005,POS002,Sale,-3.0,REC00000003,2025-08-27 15:07:02,Sold via REC00000003
INVMOVE0016,POS-PROD0005,POS002,Stock In,34.0,PO0003,2025-08-27 15:55:02,New stock delivery
INVMOVE0017,POS-PROD0008,POS001,Sale,-3.0,REC00000004,2025-08-28 15:42:15,Sold via REC00000004
INVMOVE0018,POS-PROD0009,POS001,Sale,-1.0,REC00000004,2025-08-28 15:42:15,Sold via REC00000004
INVMOVE0019,POS-PROD0007,POS001,Sale,-2.0,REC00000004,2025-08-28 15:42:15,Sold via REC00000004
INVMOVE0020,POS-PROD0015,POS001,Sale,-3.0,REC00000004,2025-08-28 15:42:15,Sold via REC00000004
INVMOVE0021,POS-PROD0016,POS003,Sale,-2.0,REC00000005,2025-04-07 08:03:39,Sold via REC00000005
INVMOVE0022,POS-PROD0007,POS003,Sale,-2.0,REC00000005,2025-04-07 08:03:39,Sold via REC00000005
INVMOVE0023,POS-PROD0014,POS003,Sale,-3.0,REC00000005,2025-04-07 08:03:39,Sold via REC00000005
INVMOVE0024,POS-PROD0014,POS003,Return,3.0,RTN0002,2025-04-07 10:20:39,Customer return RTN0002
INVMOVE0025,POS-PROD0014,POS003,Stock In,76.0,PO0004,2025-04-07 17:34:39,New stock delivery
INVMOVE0026,POS-PROD0004,POS003,Sale,-3.0,REC00000005,2025-04-07 08:03:39,Sold via REC00000005
INVMOVE0027,POS-PROD0004,POS003,Adjustment,1.0,ADJ0003,2025-04-08 02:09:39,Stock adjustment ADJ0003
INVMOVE0028,POS-PROD0006,POS003,Sale,-2.0,REC00000005,2025-04-07 08:03:39,Sold via REC00000005
INVMOVE0029,POS-PROD0006,POS003,Adjustment,1.0,ADJ0004,2025-04-08 02:24:39,Stock adjustment ADJ0004
INVMOVE0030,POS-PROD0015,POS001,Sale,-1.0,REC00000006,2025-01-31 10:24:19,Sold via REC00000006
INVMOVE0031,POS-PROD0005,POS001,Sale,-3.0,REC00000006,2025-01-31 10:24:19,Sold via REC00000006
INVMOVE0032,POS-PROD0005,POS001,Stock In,97.0,PO0005,2025-02-01 08:31:19,New stock delivery
INVMOVE0033,POS-PROD0005,POS001,Return,2.0,RTN0003,2025-02-02 05:30:19,Customer return RTN0003
INVMOVE0034,POS-PROD0020,POS001,Sale,-1.0,REC00000006,2025-01-31 10:24:19,Sold via REC00000006
INVMOVE0035,POS-PROD0020,POS001,Adjustment,-1.0,ADJ0005,2025-02-01 05:36:19,Stock adjustment ADJ0005
INVMOVE0036,POS-PROD0004,POS001,Sale,-1.0,REC00000006,2025-01-31 10:24:19,Sold via REC00000006
INVMOVE0037,POS-PROD0004,POS001,Adjustment,-1.0,ADJ0006,2025-01-31 20:25:19,Stock adjustment ADJ0006
INVMOVE0038,POS-PROD0004,POS001,Stock In,98.0,PO0006,2025-02-01 13:16:19,New stock delivery
INVMOVE0039,POS-PROD0018,POS001,Sale,-3.0,REC00000006,2025-01-31 10:24:19,Sold via REC00000006
INVMOVE0040,POS-PROD0006,POS002,Sale,-1.0,REC00000007,2025-07-11 09:23:34,Sold via REC00000007
INVMOVE0041,POS-PROD0006,POS002,Adjustment,5.0,ADJ0007,2025-07-11 18:53:34,Stock adjustment ADJ0007
INVMOVE0042,POS-PROD0013,POS002,Sale,-3.0,REC00000007,2025-07-11 09:23:34,Sold via REC00000007
INVMOVE0043,POS-PROD0020,POS002,Sale,-1.0,REC00000007,2025-07-11 09:23:34,Sold via REC00000007
INVMOVE0044,POS-PROD0003,POS002,Sale,-1.0,REC00000008,2024-02-16 22:24:17,Sold via REC00000008
INVMOVE0045,POS-PROD0003,POS002,Return,2.0,RTN0004,2024-02-17 10:20:17,Customer return RTN0004
INVMOVE0046,POS-PROD0003,POS002,Adjustment,-2.0,ADJ0008,2024-02-17 20:24:17,Stock adjustment ADJ0008
INVMOVE0047,POS-PROD0010,POS002,Sale,-3.0,REC00000008,2024-02-16 22:24:17,Sold via REC00000008
INVMOVE0048,POS-PROD0010,POS002,Adjustment,-5.0,ADJ0009,2024-02-17 10:23:17,Stock adjustment ADJ0009
INVMOVE0049,POS-PROD0010,POS002,Adjustment,5.0,ADJ0010,2024-02-17 19:18:17,Stock adjustment ADJ0010
INVMOVE0050,POS-PROD0010,POS002,Stock In,37.0,PO0007,2024-02-18 02:21:17,New stock delivery
INVMOVE0051,POS-PROD0010,POS002,Return,2.0,RTN0005,2024-02-18 21:42:17,Customer return RTN0005
INVMOVE0052,POS-PROD0001,POS002,Sale,-3.0,REC00000008,2024-02-16 22:24:17,Sold via REC00000008
INVMOVE0053,POS-PROD0017,POS002,Sale,-1.0,REC00000008,2024-02-16 22:24:17,Sold via REC00000008
INVMOVE0054,POS-PROD0018,POS003,Sale,-1.0,REC00000009,2025-08-25 15:49:27,Sold via REC00000009
INVMOVE0055,POS-PROD0014,POS003,Sale,-3.0,REC00000009,2025-08-25 15:49:27,Sold via REC00000009
INVMOVE0056,POS-PROD0013,POS003,Sale,-2.0,REC00000009,2025-08-25 15:49:27,Sold via REC00000009
INVMOVE0057,POS-PROD0019,POS003,Sale,-1.0,REC00000009,2025-08-25 15:49:27,Sold via REC00000009
INVMOVE0058,POS-PROD0012,POS001,Sale,-2.0,REC00000010,2025-06-23 06:43:41,Sold via REC00000010
INVMOVE0059,POS-PROD0003,POS001,Sale,-2.0,REC00000011,2025-06-25 05:09:01,Sold via REC00000011
INVMOVE0060,POS-PROD0010,POS003,Sale,-2.0,REC00000012,2025-07-02 09:37:49,Sold via REC00000012
INVMOVE0061,POS-PROD0004,POS003,Sale,-2.0,REC00000012,2025-07-02 09:37:49,Sold via REC00000012
INVMOVE0062,POS-PROD0004,POS003,Stock In,22.0,PO0008,2025-07-03 09:02:49,New stock delivery
INVMOVE0063,POS-PROD0004,POS003,Stock In,10.0,PO0009,2025-07-04 03:59:49,New stock delivery
INVMOVE0064,POS-PROD0004,POS003,Adjustment,-2.0,ADJ0011,2025-07-04 18:02:49,Stock adjustment ADJ0011
INVMOVE0065,POS-PROD0007,POS003,Sale,-1.0,REC00000012,2025-07-02 09:37:49,Sold via REC00000012
INVMOVE0066,POS-PROD0007,POS003,Return,2.0,RTN0006,2025-07-03 02:04:49,Customer return RTN0006
INVMOVE0067,POS-PROD0004,POS002,Sale,-3.0,REC00000013,2025-06-17 05:56:25,Sold via REC00000013
INVMOVE0068,POS-PROD0004,POS002,Stock In,46.0,PO0010,2025-06-17 17:03:25,New stock delivery
INVMOVE0069,POS-PROD0003,POS002,Sale,-2.0,REC00000013,2025-06-17 05:56:25,Sold via REC00000013
INVMOVE0070,POS-PROD0013,POS001,Sale,-3.0,REC00000014,2025-08-24 00:18:26,Sold via REC00000014
INVMOVE0071,POS-PROD0013,POS001,Stock In,93.0,PO0011,2025-08-24 20:03:26,New stock delivery
INVMOVE0072,POS-PROD0006,POS001,Sale,-1.0,REC00000014,2025-08-24 00:18:26,Sold via REC00000014
INVMOVE0073,POS-PROD0006,POS001,Stock In,14.0,PO0012,2025-08-24 06:26:26,New stock delivery
INVMOVE0074,POS-PROD0001,POS001,Sale,-1.0,REC00000014,2025-08-24 00:18:26,Sold via REC00000014
INVMOVE0075,POS-PROD0001,POS001,Return,1.0,RTN0007,2025-08-24 14:01:26,Customer return RTN0007
INVMOVE0076,POS-PROD0001,POS001,Stock In,33.0,PO0013,2025-08-25 00:03:26,New stock delivery
INVMOVE0077,POS-PROD0001,POS001,Return,1.0,RTN0008,2025-08-25 10:24:26,Customer return RTN0008
INVMOVE0078,POS-PROD0011,POS001,Sale,-1.0,REC00000014,2025-08-24 00:18:26,Sold via REC00000014
INVMOVE0079,POS-PROD0017,POS001,Sale,-1.0,REC00000014,2025-08-24 00:18:26,Sold via REC00000014
INVMOVE0080,POS-PROD0017,POS001,Adjustment,-1.0,ADJ0012,2025-08-24 15:58:26,Stock adjustment ADJ0012
INVMOVE0081,POS-PROD0017,POS001,Adjustment,2.0,ADJ0013,2025-08-25 10:01:26,Stock adjustment ADJ0013
INVMOVE0082,POS-PROD0010,POS002,Sale,-2.0,REC00000015,2025-07-19 13:11:04,Sold via REC00000015
INVMOVE0083,POS-PROD0010,POS002,Adjustment,2.0,ADJ0014,2025-07-20 05:19:04,Stock adjustment ADJ0014
INVMOVE0084,POS-PROD0018,POS002,Sale,-3.0,REC00000015,2025-07-19 13:11:04,Sold via REC00000015
INVMOVE0085,POS-PROD0018,POS002,Return,2.0,RTN0009,2025-07-19 18:53:04,Customer return RTN0009
INVMOVE0086,POS-PROD0018,POS002,Stock In,92.0,PO0014,2025-07-20 03:49:04,New stock delivery
INVMOVE0087,POS-PROD0018,POS002,Stock In,11.0,PO0015,2025-07-20 15:29:04,New stock delivery
INVMOVE0088,POS-PROD0018,POS002,Stock In,82.0,PO0016,2025-07-21 14:40:04,New stock delivery
INVMOVE0089,POS-PROD0018,POS002,Stock In,32.0,PO0017,2025-07-22 11:41:04,New stock delivery
INVMOVE0090,POS-PROD0018,POS002,Return,2.0,RTN0010,2025-07-23 02:26:04,Customer return RTN0010
INVMOVE0091,POS-PROD0002,POS002,Sale,-3.0,REC00000015,2025-07-19 13:11:04,Sold via REC00000015
INVMOVE0092,POS-PROD0009,POS002,Sale,-1.0,REC00000015,2025-07-19 13:11:04,Sold via REC00000015
INVMOVE0093,POS-PROD0011,POS002,Sale,-2.0,REC00000015,2025-07-19 13:11:04,Sold via REC00000015
INVMOVE0094,POS-PROD0017,POS001,Sale,-1.0,REC00000016,2025-04-30 19:58:37,Sold via REC00000016
INVMOVE0095,POS-PROD0010,POS001,Sale,-1.0,REC00000016,2025-04-30 19:58:37,Sold via REC00000016
INVMOVE0096,POS-PROD0013,POS001,Sale,-2.0,REC00000016,2025-04-30 19:58:37,Sold via REC00000016
INVMOVE0097,POS-PROD0014,POS001,Sale,-3.0,REC00000016,2025-04-30 19:58:37,Sold via REC00000016
INVMOVE0098,POS-PROD0020,POS001,Sale,-2.0,REC00000016,2025-04-30 19:58:37,Sold via REC00000016
INVMOVE0099,POS-PROD0013,POS002,Sale,-2.0,REC00000017,2025-06-24 18:42:42,Sold via REC00000017
INVMOVE0100,POS-PROD0013,POS002,Stock In,52.0,PO0018,2025-06-25 05:10:42,New stock delivery
INVMOVE0101,POS-PROD0017,POS002,Sale,-3.0,REC00000017,2025-06-24 18:42:42,Sold via REC00000017
INVMOVE0102,POS-PROD0012,POS002,Sale,-1.0,REC00000017,2025-06-24 18:42:42,Sold via REC00000017
INVMOVE0103,POS-PROD0005,POS002,Sale,-2.0,REC00000017,2025-06-24 18:42:42,Sold via REC00000017
INVMOVE0104,POS-PROD0004,POS001,Sale,-3.0,REC00000018,2025-08-29 00:10:53,Sold via REC00000018
INVMOVE0105,POS-PROD0002,POS001,Sale,-3.0,REC00000018,2025-08-29 00:10:53,Sold via REC00000018
INVMOVE0106,POS-PROD0014,POS001,Sale,-1.0,REC00000018,2025-08-29 00:10:53,Sold via REC00000018
INVMOVE0107,POS-PROD0020,POS002,Sale,-2.0,REC00000019,2025-08-25 12:22:36,Sold via REC00000019
INVMOVE0108,POS-PROD0015,POS001,Sale,-3.0,REC00000020,2025-06-30 15:27:18,Sold via REC00000020
INVMOVE0109,POS-PROD0014,POS001,Sale,-2.0,REC00000020,2025-06-30 15:27:18,Sold via REC00000020
INVMOVE0110,POS-PROD0014,POS001,Adjustment,5.0,ADJ0015,2025-07-01 02:13:18,Stock adjustment ADJ0015
INVMOVE0111,POS-PROD0012,POS001,Sale,-3.0,REC00000020,2025-06-30 15:27:18,Sold via REC00000020
INVMOVE0112,POS-PROD0017,POS001,Sale,-3.0,REC00000021,2025-04-17 11:39:44,Sold via REC00000021
INVMOVE0113,POS-PROD0017,POS001,Adjustment,-1.0,ADJ0016,2025-04-18 08:47:44,Stock adjustment ADJ0016
INVMOVE0114,POS-PROD0016,POS001,Sale,-2.0,REC00000021,2025-04-17 11:39:44,Sold via REC00000021
INVMOVE0115,POS-PROD0016,POS001,Adjustment,1.0,ADJ0017,2025-04-17 17:02:44,Stock adjustment ADJ0017
INVMOVE0116,POS-PROD0018,POS001,Sale,-2.0,REC00000021,2025-04-17 11:39:44,Sold via REC00000021
INVMOVE0117,POS-PROD0018,POS001,Adjustment,-1.0,ADJ0018,2025-04-18 02:00:44,Stock adjustment ADJ0018
INVMOVE0118,POS-PROD0018,POS001,Stock In,70.0,PO0019,2025-04-18 20:30:44,New stock delivery
INVMOVE0119,POS-PROD0018,POS001,Return,1.0,RTN0011,2025-04-19 05:06:44,Customer return RTN0011
INVMOVE0120,POS-PROD0005,POS001,Sale,-2.0,REC00000021,2025-04-17 11:39:44,Sold via REC00000021
INVMOVE0121,POS-PROD0006,POS001,Sale,-2.0,REC00000022,2024-05-15 05:56:17,Sold via REC00000022
INVMOVE0122,POS-PROD0006,POS001,Stock In,77.0,PO0020,2024-05-15 21:20:17,New stock delivery
INVMOVE0123,POS-PROD0011,POS001,Sale,-2.0,REC00000022,2024-05-15 05:56:17,Sold via REC00000022
INVMOVE0124,POS-PROD0005,POS001,Sale,-1.0,REC00000023,2025-04-19 12:18:05,Sold via REC00000023
INVMOVE0125,POS-PROD0005,POS001,Adjustment,-5.0,ADJ0019,2025-04-19 14:34:05,Stock adjustment ADJ0019
INVMOVE0126,POS-PROD0005,POS001,Return,3.0,RTN0012,2025-04-19 21:38:05,Customer return RTN0012
INVMOVE0127,POS-PROD0015,POS001,Sale,-3.0,REC00000024,2024-09-21 02:25:20,Sold via REC00000024
INVMOVE0128,POS-PROD0017,POS001,Sale,-2.0,REC00000024,2024-09-21 02:25:20,Sold via REC00000024
INVMOVE0129,POS-PROD0002,POS001,Sale,-3.0,REC00000024,2024-09-21 02:25:20,Sold via REC00000024
INVMOVE0130,POS-PROD0003,POS001,Sale,-2.0,REC00000024,2024-09-21 02:25:20,Sold via REC00000024
INVMOVE0131,POS-PROD0005,POS003,Sale,-1.0,REC00000025,2025-07-18 14:03:21,Sold via REC00000025
INVMOVE0132,POS-PROD0006,POS003,Sale,-3.0,REC00000025,2025-07-18 14:03:21,Sold via REC00000025
INVMOVE0133,POS-PROD0012,POS003,Sale,-2.0,REC00000025,2025-07-18 14:03:21,Sold via REC00000025
INVMOVE0134,POS-PROD0008,POS001,Sale,-1.0,REC00000026,2024-12-01 15:31:34,Sold via REC00000026
INVMOVE0135,POS-PROD0016,POS001,Sale,-3.0,REC00000026,2024-12-01 15:31:34,Sold via REC00000026
INVMOVE0136,POS-PROD0016,POS001,Return,2.0,RTN0013,2024-12-01 20:11:34,Customer return RTN0013
INVMOVE0137,POS-PROD0001,POS001,Sale,-3.0,REC00000026,2024-12-01 15:31:34,Sold via REC00000026
INVMOVE0138,POS-PROD0012,POS002,Sale,-3.0,REC00000027,2024-06-10 03:19:58,Sold via REC00000027
INVMOVE0139,POS-PROD0002,POS003,Sale,-2.0,REC00000028,2024-09-22 02:30:19,Sold via REC00000028
INVMOVE0140,POS-PROD0015,POS003,Sale,-1.0,REC00000028,2024-09-22 02:30:19,Sold via REC00000028
INVMOVE0141,POS-PROD0015,POS003,Return,3.0,RTN0014,2024-09-22 03:24:19,Customer return RTN0014
INVMOVE0142,POS-PROD0006,POS003,Sale,-3.0,REC00000028,2024-09-22 02:30:19,Sold via REC00000028
INVMOVE0143,POS-PROD0006,POS003,Return,3.0,RTN0015,2024-09-22 10:06:19,Customer return RTN0015
INVMOVE0144,POS-PROD0016,POS003,Sale,-2.0,REC00000028,2024-09-22 02:30:19,Sold via REC00000028
INVMOVE0145,POS-PROD0006,POS002,Sale,-3.0,REC00000029,2024-08-01 03:23:13,Sold via REC00000029
INVMOVE0146,POS-PROD0008,POS002,Sale,-1.0,REC00000029,2024-08-01 03:23:13,Sold via REC00000029
INVMOVE0147,POS-PROD0016,POS001,Sale,-2.0,REC00000030,2025-03-03 20:18:02,Sold via REC00000030
INVMOVE0148,POS-PROD0016,POS001,Adjustment,-5.0,ADJ0020,2025-03-04 12:34:02,Stock adjustment ADJ0020
INVMOVE0149,POS-PROD0014,POS001,Sale,-3.0,REC00000030,2025-03-03 20:18:02,Sold via REC00000030
INVMOVE0150,POS-PROD0007,POS001,Sale,-3.0,REC00000030,2025-03-03 20:18:02,Sold via REC00000030
INVMOVE0151,POS-PROD0007,POS001,Stock In,92.0,PO0021,2025-03-04 18:30:02,New stock delivery
INVMOVE0152,POS-PROD0007,POS001,Adjustment,-1.0,ADJ0021,2025-03-05 07:43:02,Stock adjustment ADJ0021
INVMOVE0153,POS-PROD0018,POS001,Sale,-3.0,REC00000030,2025-03-03 20:18:02,Sold via REC00000030
INVMOVE0154,POS-PROD0018,POS001,Adjustment,1.0,ADJ0022,2025-03-04 09:17:02,Stock adjustment ADJ0022
INVMOVE0155,POS-PROD0005,POS001,Sale,-3.0,REC00000030,2025-03-03 20:18:02,Sold via REC00000030
INVMOVE0156,POS-PROD0005,POS001,Adjustment,2.0,ADJ0023,2025-03-04 01:00:02,Stock adjustment ADJ0023
INVMOVE0157,POS-PROD0020,POS001,Sale,-3.0,REC00000031,2024-09-11 23:48:30,Sold via REC00000031
INVMOVE0158,POS-PROD0018,POS001,Sale,-1.0,REC00000031,2024-09-11 23:48:30,Sold via REC00000031
INVMOVE0159,POS-PROD0012,POS001,Sale,-2.0,REC00000032,2024-05-30 02:43:38,Sold via REC00000032
INVMOVE0160,POS-PROD0010,POS001,Sale,-1.0,REC00000033,2024-11-05 01:22:43,Sold via REC00000033
INVMOVE0161,POS-PROD0003,POS001,Sale,-3.0,REC00000033,2024-11-05 01:22:43,Sold via REC00000033
INVMOVE0162,POS-PROD0003,POS001,Stock In,38.0,PO0022,2024-11-05 01:39:43,New stock delivery
INVMOVE0163,POS-PROD0003,POS001,Stock In,48.0,PO0023,2024-11-05 17:37:43,New stock delivery
INVMOVE0164,POS-PROD0011,POS001,Sale,-2.0,REC00000033,2024-11-05 01:22:43,Sold via REC00000033
INVMOVE0165,POS-PROD0006,POS001,Sale,-3.0,REC00000033,2024-11-05 01:22:43,Sold via REC00000033
INVMOVE0166,POS-PROD0010,POS001,Sale,-1.0,REC00000034,2024-12-09 01:52:46,Sold via REC00000034
INVMOVE0167,POS-PROD0010,POS001,Return,1.0,RTN0016,2024-12-09 17:45:46,Customer return RTN0016
INVMOVE0168,POS-PROD0012,POS001,Sale,-2.0,REC00000034,2024-12-09 01:52:46,Sold via REC00000034
INVMOVE0169,POS-PROD0019,POS001,Sale,-3.0,REC00000035,2025-01-04 04:17:15,Sold via REC00000035
INVMOVE0170,POS-PROD0019,POS001,Adjustment,5.0,ADJ0024,2025-01-04 08:18:15,Stock adjustment ADJ0024
INVMOVE0171,POS-PROD0008,POS001,Sale,-2.0,REC00000035,2025-01-04 04:17:15,Sold via REC00000035
INVMOVE0172,POS-PROD0010,POS001,Sale,-1.0,REC00000035,2025-01-04 04:17:15,Sold via REC00000035
INVMOVE0173,POS-PROD0010,POS002,Sale,-1.0,REC00000036,2025-08-18 06:54:25,Sold via REC00000036
INVMOVE0174,POS-PROD0010,POS002,Adjustment,-5.0,ADJ0025,2025-08-18 15:16:25,Stock adjustment ADJ0025
INVMOVE0175,POS-PROD0008,POS002,Sale,-3.0,REC00000036,2025-08-18 06:54:25,Sold via REC00000036
INVMOVE0176,POS-PROD0009,POS001,Sale,-3.0,REC00000037,2025-08-09 21:52:03,Sold via REC00000037
INVMOVE0177,POS-PROD0011,POS001,Sale,-3.0,REC00000037,2025-08-09 21:52:03,Sold via REC00000037
INVMOVE0178,POS-PROD0008,POS001,Sale,-2.0,REC00000037,2025-08-09 21:52:03,Sold via REC00000037
INVMOVE0179,POS-PROD0008,POS001,Stock In,16.0,PO0024,2025-08-10 06:23:03,New stock delivery
INVMOVE0180,POS-PROD0008,POS001,Stock In,61.0,PO0025,2025-08-10 21:31:03,New stock delivery
INVMOVE0181,POS-PROD0002,POS001,Sale,-2.0,REC00000038,2024-12-02 18:31:33,Sold via REC00000038
INVMOVE0182,POS-PROD0003,POS001,Sale,-2.0,REC00000038,2024-12-02 18:31:33,Sold via REC00000038
INVMOVE0183,POS-PROD0003,POS001,Return,1.0,RTN0017,2024-12-02 23:27:33,Customer return RTN0017
INVMOVE0184,POS-PROD0013,POS001,Sale,-3.0,REC00000039,2025-07-08 01:29:59,Sold via REC00000039
INVMOVE0185,POS-PROD0004,POS001,Sale,-2.0,REC00000039,2025-07-08 01:29:59,Sold via REC00000039
INVMOVE0186,POS-PROD0004,POS001,Return,3.0,RTN0018,2025-07-08 21:18:59,Customer return RTN0018
INVMOVE0187,POS-PROD0020,POS001,Sale,-1.0,REC00000039,2025-07-08 01:29:59,Sold via REC00000039
INVMOVE0188,POS-PROD0009,POS001,Sale,-1.0,REC00000040,2025-06-07 01:58:04,Sold via REC00000040
INVMOVE0189,POS-PROD0017,POS001,Sale,-1.0,REC00000040,2025-06-07 01:58:04,Sold via REC00000040
INVMOVE0190,POS-PROD0008,POS001,Sale,-1.0,REC00000040,2025-06-07 01:58:04,Sold via REC00000040
INVMOVE0191,POS-PROD0013,POS001,Sale,-3.0,REC00000040,2025-06-07 01:58:04,Sold via REC00000040
INVMOVE0192,POS-PROD0012,POS001,Sale,-3.0,REC00000041,2025-01-17 23:26:54,Sold via REC00000041
INVMOVE0193,POS-PROD0004,POS001,Sale,-2.0,REC00000041,2025-01-17 23:26:54,Sold via REC00000041
INVMOVE0194,POS-PROD0019,POS001,Sale,-1.0,REC00000041,2025-01-17 23:26:54,Sold via REC00000041
INVMOVE0195,POS-PROD0005,POS001,Sale,-2.0,REC00000041,2025-01-17 23:26:54,Sold via REC00000041
INVMOVE0196,POS-PROD0005,POS001,Sale,-2.0,REC00000042,2025-03-21 23:03:54,Sold via REC00000042
INVMOVE0197,POS-PROD0005,POS001,Adjustment,5.0,ADJ0026,2025-03-22 05:11:54,Stock adjustment ADJ0026
INVMOVE0198,POS-PROD0013,POS001,Sale,-1.0,REC00000043,2025-03-16 05:03:14,Sold via REC00000043
INVMOVE0199,POS-PROD0016,POS001,Sale,-2.0,REC00000043,2025-03-16 05:03:14,Sold via REC00000043
INVMOVE0200,POS-PROD0001,POS001,Sale,-2.0,REC00000043,2025-03-16 05:03:14,Sold via REC00000043
INVMOVE0201,POS-PROD0001,POS001,Adjustment,5.0,ADJ0027,2025-03-17 04:07:14,Stock adjustment ADJ0027
INVMOVE0202,POS-PROD0018,POS001,Sale,-3.0,REC00000043,2025-03-16 05:03:14,Sold via REC00000043
INVMOVE0203,POS-PROD0009,POS001,Sale,-3.0,REC00000043,2025-03-16 05:03:14,Sold via REC00000043
INVMOVE0204,POS-PROD0006,POS001,Sale,-3.0,REC00000044,2025-01-01 00:06:04,Sold via REC00000044
INVMOVE0205,POS-PROD0004,POS001,Sale,-2.0,REC00000044,2025-01-01 00:06:04,Sold via REC00000044
INVMOVE0206,POS-PROD0013,POS001,Sale,-3.0,REC00000044,2025-01-01 00:06:04,Sold via REC00000044
INVMOVE0207,POS-PROD0007,POS001,Sale,-1.0,REC00000045,2025-01-19 00:54:20,Sold via REC00000045
INVMOVE0208,POS-PROD0009,POS001,Sale,-3.0,REC00000045,2025-01-19 00:54:20,Sold via REC00000045
INVMOVE0209,POS-PROD0010,POS001,Sale,-1.0,REC00000045,2025-01-19 00:54:20,Sold via REC00000045
INVMOVE0210,POS-PROD0009,POS003,Sale,-1.0,REC00000046,2024-03-14 09:47:57,Sold via REC00000046
INVMOVE0211,POS-PROD0009,POS003,Return,1.0,RTN0019,2024-03-15 01:45:57,Customer return RTN0019
INVMOVE0212,POS-PROD0009,POS003,Adjustment,2.0,ADJ0028,2024-03-15 16:00:57,Stock adjustment ADJ0028
INVMOVE0213,POS-PROD0009,POS003,Adjustment,2.0,ADJ0029,2024-03-16 10:15:57,Stock adjustment ADJ0029
INVMOVE0214,POS-PROD0001,POS003,Sale,-3.0,REC00000046,2024-03-14 09:47:57,Sold via REC00000046
INVMOVE0215,POS-PROD0012,POS003,Sale,-3.0,REC00000046,2024-03-14 09:47:57,Sold via REC00000046
INVMOVE0216,POS-PROD0007,POS003,Sale,-2.0,REC00000046,2024-03-14 09:47:57,Sold via REC00000046
INVMOVE0217,POS-PROD0012,POS001,Sale,-1.0,REC00000047,2025-06-29 16:13:37,Sold via REC00000047
INVMOVE0218,POS-PROD0012,POS001,Adjustment,-1.0,ADJ0030,2025-06-29 19:32:37,Stock adjustment ADJ0030
INVMOVE0219,POS-PROD0002,POS001,Sale,-3.0,REC00000047,2025-06-29 16:13:37,Sold via REC00000047
INVMOVE0220,POS-PROD0002,POS001,Return,1.0,RTN0020,2025-06-30 01:32:37,Customer return RTN0020
INVMOVE0221,POS-PROD0005,POS001,Sale,-1.0,REC00000047,2025-06-29 16:13:37,Sold via REC00000047
INVMOVE0222,POS-PROD0006,POS001,Sale,-3.0,REC00000047,2025-06-29 16:13:37,Sold via REC00000047
INVMOVE0223,POS-PROD0019,POS001,Sale,-2.0,REC00000047,2025-06-29 16:13:37,Sold via REC00000047
INVMOVE0224,POS-PROD0011,POS003,Sale,-3.0,REC00000048,2024-11-27 17:53:27,Sold via REC00000048
INVMOVE0225,POS-PROD0011,POS003,Return,3.0,RTN0021,2024-11-28 16:58:27,Customer return RTN0021
INVMOVE0226,POS-PROD0012,POS003,Sale,-2.0,REC00000048,2024-11-27 17:53:27,Sold via REC00000048
INVMOVE0227,POS-PROD0007,POS003,Sale,-1.0,REC00000048,2024-11-27 17:53:27,Sold via REC00000048
INVMOVE0228,POS-PROD0007,POS003,Return,2.0,RTN0022,2024-11-28 04:23:27,Customer return RTN0022
INVMOVE0229,POS-PROD0007,POS003,Adjustment,-5.0,ADJ0031,2024-11-28 11:46:27,Stock adjustment ADJ0031
INVMOVE0230,POS-PROD0007,POS003,Adjustment,5.0,ADJ0032,2024-11-28 15:56:27,Stock adjustment ADJ0032
INVMOVE0231,POS-PROD0007,POS003,Stock In,71.0,PO0026,2024-11-29 00:22:27,New stock delivery
INVMOVE0232,POS-PROD0016,POS001,Sale,-1.0,REC00000049,2025-04-20 01:08:06,Sold via REC00000049
INVMOVE0233,POS-PROD0016,POS001,Stock In,60.0,PO0027,2025-04-20 09:28:06,New stock delivery
INVMOVE0234,POS-PROD0009,POS001,Sale,-1.0,REC00000049,2025-04-20 01:08:06,Sold via REC00000049
INVMOVE0235,POS-PROD0009,POS001,Stock In,58.0,PO0028,2025-04-20 17:12:06,New stock delivery
INVMOVE0236,POS-PROD0008,POS002,Sale,-2.0,REC00000050,2025-07-04 14:15:34,Sold via REC00000050
INVMOVE0237,POS-PROD0014,POS002,Sale,-1.0,REC00000050,2025-07-04 14:15:34,Sold via REC00000050
INVMOVE0238,POS-PROD0015,POS002,Sale,-1.0,REC00000050,2025-07-04 14:15:34,Sold via REC00000050
INVMOVE0239,POS-PROD0015,POS001,Sale,-3.0,REC00000051,2025-06-30 04:48:21,Sold via REC00000051
INVMOVE0240,POS-PROD0003,POS001,Sale,-1.0,REC00000051,2025-06-30 04:48:21,Sold via REC00000051
INVMOVE0241,POS-PROD0018,POS002,Sale,-2.0,REC00000052,2025-05-22 05:26:41,Sold via REC00000052
INVMOVE0242,POS-PROD0018,POS002,Adjustment,1.0,ADJ0033,2025-05-22 16:31:41,Stock adjustment ADJ0033
INVMOVE0243,POS-PROD0018,POS002,Adjustment,-1.0,ADJ0034,2025-05-23 03:21:41,Stock adjustment ADJ0034
INVMOVE0244,POS-PROD0015,POS002,Sale,-2.0,REC00000052,2025-05-22 05:26:41,Sold via REC00000052
INVMOVE0245,POS-PROD0007,POS002,Sale,-3.0,REC00000052,2025-05-22 05:26:41,Sold via REC00000052
INVMOVE0246,POS-PROD0001,POS002,Sale,-3.0,REC00000052,2025-05-22 05:26:41,Sold via REC00000052
INVMOVE0247,POS-PROD0010,POS001,Sale,-2.0,REC00000053,2025-08-14 04:28:21,Sold via REC00000053
INVMOVE0248,POS-PROD0018,POS001,Sale,-3.0,REC00000053,2025-08-14 04:28:21,Sold via REC00000053
INVMOVE0249,POS-PROD0018,POS001,Adjustment,2.0,ADJ0035,2025-08-14 18:53:21,Stock adjustment ADJ0035
INVMOVE0250,POS-PROD0003,POS001,Sale,-3.0,REC00000053,2025-08-14 04:28:21,Sold via REC00000053
INVMOVE0251,POS-PROD0009,POS001,Sale,-3.0,REC00000053,2025-08-14 04:28:21,Sold via REC00000053
INVMOVE0252,POS-PROD0005,POS001,Sale,-1.0,REC00000053,2025-08-14 04:28:21,Sold via REC00000053
INVMOVE0253,POS-PROD0003,POS002,Sale,-3.0,REC00000054,2025-06-13 08:58:24,Sold via REC00000054
INVMOVE0254,POS-PROD0002,POS002,Sale,-1.0,REC00000054,2025-06-13 08:58:24,Sold via REC00000054
INVMOVE0255,POS-PROD0016,POS002,Sale,-2.0,REC00000054,2025-06-13 08:58:24,Sold via REC00000054
INVMOVE0256,POS-PROD0016,POS002,Adjustment,-1.0,ADJ0036,2025-06-13 17:55:24,Stock adjustment ADJ0036
INVMOVE0257,POS-PROD0016,POS002,Stock In,72.0,PO0029,2025-06-14 15:59:24,New stock delivery
INVMOVE0258,POS-PROD0016,POS002,Stock In,68.0,PO0030,2025-06-14 21:53:24,New stock delivery
INVMOVE0259,POS-PROD0016,POS002,Stock In,55.0,PO0031,2025-06-15 03:49:24,New stock delivery
INVMOVE0260,POS-PROD0015,POS002,Sale,-3.0,REC00000054,2025-06-13 08:58:24,Sold via REC00000054
INVMOVE0261,POS-PROD0008,POS001,Sale,-2.0,REC00000055,2024-08-01 18:13:28,Sold via REC00000055
INVMOVE0262,POS-PROD0020,POS001,Sale,-1.0,REC00000055,2024-08-01 18:13:28,Sold via REC00000055
INVMOVE0263,POS-PROD0020,POS001,Return,3.0,RTN0023,2024-08-01 20:23:28,Customer return RTN0023
INVMOVE0264,POS-PROD0005,POS001,Sale,-3.0,REC00000055,2024-08-01 18:13:28,Sold via REC00000055
INVMOVE0265,POS-PROD0005,POS001,Return,1.0,RTN0024,2024-08-02 17:11:28,Customer return RTN0024
INVMOVE0266,POS-PROD0009,POS001,Sale,-2.0,REC00000055,2024-08-01 18:13:28,Sold via REC00000055
INVMOVE0267,POS-PROD0010,POS001,Sale,-2.0,REC00000056,2025-08-07 18:07:07,Sold via REC00000056
INVMOVE0268,POS-PROD0012,POS001,Sale,-2.0,REC00000056,2025-08-07 18:07:07,Sold via REC00000056
INVMOVE0269,POS-PROD0017,POS001,Sale,-2.0,REC00000057,2024-09-12 17:32:47,Sold via REC00000057
INVMOVE0270,POS-PROD0018,POS001,Sale,-1.0,REC00000057,2024-09-12 17:32:47,Sold via REC00000057
INVMOVE0271,POS-PROD0009,POS003,Sale,-3.0,REC00000058,2025-04-13 18:20:43,Sold via REC00000058
INVMOVE0272,POS-PROD0015,POS003,Sale,-3.0,REC00000058,2025-04-13 18:20:43,Sold via REC00000058
INVMOVE0273,POS-PROD0001,POS003,Sale,-2.0,REC00000058,2025-04-13 18:20:43,Sold via REC00000058
INVMOVE0274,POS-PROD0007,POS001,Sale,-2.0,REC00000059,2025-08-27 16:19:20,Sold via REC00000059
INVMOVE0275,POS-PROD0010,POS003,Sale,-1.0,REC00000060,2025-05-28 19:48:42,Sold via REC00000060
INVMOVE0276,POS-PROD0010,POS003,Adjustment,1.0,ADJ0037,2025-05-29 18:28:42,Stock adjustment ADJ0037
INVMOVE0277,POS-PROD0008,POS003,Sale,-1.0,REC00000060,2025-05-28 19:48:42,Sold via REC00000060
INVMOVE0278,POS-PROD0004,POS003,Sale,-2.0,REC00000060,2025-05-28 19:48:42,Sold via REC00000060
INVMOVE0279,POS-PROD0015,POS003,Sale,-3.0,REC00000061,2024-08-22 04:20:20,Sold via REC00000061
INVMOVE0280,POS-PROD0010,POS001,Sale,-3.0,REC00000062,2025-07-05 20:51:05,Sold via REC00000062
INVMOVE0281,POS-PROD0011,POS001,Sale,-3.0,REC00000062,2025-07-05 20:51:05,Sold via REC00000062
INVMOVE0282,POS-PROD0017,POS002,Sale,-1.0,REC00000063,2025-07-24 23:02:54,Sold via REC00000063
INVMOVE0283,POS-PROD0017,POS002,Adjustment,-5.0,ADJ0038,2025-07-25 16:20:54,Stock adjustment ADJ0038
INVMOVE0284,POS-PROD0017,POS002,Return,3.0,RTN0025,2025-07-26 07:11:54,Customer return RTN0025
INVMOVE0285,POS-PROD0017,POS002,Return,1.0,RTN0026,2025-07-26 11:00:54,Customer return RTN0026
INVMOVE0286,POS-PROD0017,POS002,Adjustment,2.0,ADJ0039,2025-07-26 16:14:54,Stock adjustment ADJ0039
INVMOVE0287,POS-PROD0005,POS002,Sale,-1.0,REC00000063,2025-07-24 23:02:54,Sold via REC00000063
INVMOVE0288,POS-PROD0011,POS002,Sale,-2.0,REC00000063,2025-07-24 23:02:54,Sold via REC00000063
INVMOVE0289,POS-PROD0014,POS002,Sale,-1.0,REC00000063,2025-07-24 23:02:54,Sold via REC00000063
INVMOVE0290,POS-PROD0020,POS002,Sale,-1.0,REC00000063,2025-07-24 23:02:54,Sold via REC00000063
INVMOVE0291,POS-PROD0020,POS002,Stock In,20.0,PO0032,2025-07-25 11:56:54,New stock delivery
INVMOVE0292,POS-PROD0020,POS002,Adjustment,1.0,ADJ0040,2025-07-26 07:23:54,Stock adjustment ADJ0040
INVMOVE0293,POS-PROD0007,POS003,Sale,-1.0,REC00000064,2025-06-13 09:09:03,Sold via REC00000064
INVMOVE0294,POS-PROD0020,POS003,Sale,-1.0,REC00000064,2025-06-13 09:09:03,Sold via REC00000064
INVMOVE0295,POS-PROD0009,POS003,Sale,-3.0,REC00000064,2025-06-13 09:09:03,Sold via REC00000064
INVMOVE0296,POS-PROD0009,POS003,Return,1.0,RTN0027,2025-06-14 07:37:03,Customer return RTN0027
INVMOVE0297,POS-PROD0009,POS003,Adjustment,5.0,ADJ0041,2025-06-14 08:51:03,Stock adjustment ADJ0041
INVMOVE0298,POS-PROD0010,POS003,Sale,-1.0,REC00000064,2025-06-13 09:09:03,Sold via REC00000064
INVMOVE0299,POS-PROD0008,POS003,Sale,-3.0,REC00000064,2025-06-13 09:09:03,Sold via REC00000064
INVMOVE0300,POS-PROD0014,POS003,Sale,-1.0,REC00000065,2025-05-15 06:29:09,Sold via REC00000065
INVMOVE0301,POS-PROD0001,POS003,Sale,-2.0,REC00000065,2025-05-15 06:29:09,Sold via REC00000065
INVMOVE0302,POS-PROD0003,POS003,Sale,-3.0,REC00000066,2025-01-01 20:13:31,Sold via REC00000066
INVMOVE0303,POS-PROD0019,POS003,Sale,-1.0,REC00000066,2025-01-01 20:13:31,Sold via REC00000066
INVMOVE0304,POS-PROD0015,POS001,Sale,-1.0,REC00000067,2025-08-03 11:15:53,Sold via REC00000067
INVMOVE0305,POS-PROD0020,POS001,Sale,-1.0,REC00000067,2025-08-03 11:15:53,Sold via REC00000067
INVMOVE0306,POS-PROD0020,POS001,Stock In,82.0,PO0033,2025-08-03 14:40:53,New stock delivery
INVMOVE0307,POS-PROD0020,POS001,Return,1.0,RTN0028,2025-08-03 22:40:53,Customer return RTN0028
INVMOVE0308,POS-PROD0007,POS001,Sale,-3.0,REC00000067,2025-08-03 11:15:53,Sold via REC00000067
INVMOVE0309,POS-PROD0007,POS001,Return,3.0,RTN0029,2025-08-04 03:38:53,Customer return RTN0029
INVMOVE0310,POS-PROD0015,POS003,Sale,-1.0,REC00000068,2024-02-18 08:04:44,Sold via REC00000068
INVMOVE0311,POS-PROD0015,POS003,Adjustment,5.0,ADJ0042,2024-02-18 17:48:44,Stock adjustment ADJ0042
INVMOVE0312,POS-PROD0015,POS003,Return,3.0,RTN0030,2024-02-19 16:25:44,Customer return RTN0030
INVMOVE0313,POS-PROD0006,POS003,Sale,-1.0,REC00000068,2024-02-18 08:04:44,Sold via REC00000068
INVMOVE0314,POS-PROD0006,POS003,Adjustment,-1.0,ADJ0043,2024-02-18 08:46:44,Stock adjustment ADJ0043
INVMOVE0315,POS-PROD0006,POS003,Adjustment,2.0,ADJ0044,2024-02-18 13:51:44,Stock adjustment ADJ0044
INVMOVE0316,POS-PROD0006,POS003,Stock In,60.0,PO0034,2024-02-18 16:38:44,New stock delivery
INVMOVE0317,POS-PROD0019,POS003,Sale,-3.0,REC00000068,2024-02-18 08:04:44,Sold via REC00000068
INVMOVE0318,POS-PROD0015,POS002,Sale,-1.0,REC00000069,2024-05-15 07:22:09,Sold via REC00000069
INVMOVE0319,POS-PROD0016,POS003,Sale,-2.0,REC00000070,2025-08-24 01:15:46,Sold via REC00000070
INVMOVE0320,POS-PROD0016,POS003,Return,3.0,RTN0031,2025-08-24 19:52:46,Customer return RTN0031
INVMOVE0321,POS-PROD0010,POS001,Sale,-3.0,REC00000071,2024-12-04 07:31:46,Sold via REC00000071
INVMOVE0322,POS-PROD0010,POS001,Stock In,27.0,PO0035,2024-12-05 07:12:46,New stock delivery
INVMOVE0323,POS-PROD0010,POS001,Stock In,74.0,PO0036,2024-12-05 19:10:46,New stock delivery
INVMOVE0324,POS-PROD0001,POS001,Sale,-2.0,REC00000071,2024-12-04 07:31:46,Sold via REC00000071
INVMOVE0325,POS-PROD0009,POS003,Sale,-1.0,REC00000072,2023-09-23 10:49:30,Sold via REC00000072
INVMOVE0326,POS-PROD0009,POS003,Return,2.0,RTN0032,2023-09-24 07:38:30,Customer return RTN0032
INVMOVE0327,POS-PROD0009,POS003,Stock In,86.0,PO0037,2023-09-24 21:20:30,New stock delivery
INVMOVE0328,POS-PROD0009,POS003,Adjustment,-1.0,ADJ0045,2023-09-24 22:30:30,Stock adjustment ADJ0045
INVMOVE0329,POS-PROD0006,POS001,Sale,-1.0,REC00000073,2025-06-01 08:40:31,Sold via REC00000073
INVMOVE0330,POS-PROD0006,POS001,Stock In,67.0,PO0038,2025-06-02 01:34:31,New stock delivery
INVMOVE0331,POS-PROD0014,POS001,Sale,-1.0,REC00000073,2025-06-01 08:40:31,Sold via REC00000073
INVMOVE0332,POS-PROD0011,POS001,Sale,-3.0,REC00000073,2025-06-01 08:40:31,Sold via REC00000073
INVMOVE0333,POS-PROD0020,POS002,Sale,-3.0,REC00000074,2024-10-30 17:09:23,Sold via REC00000074
INVMOVE0334,POS-PROD0009,POS002,Sale,-1.0,REC00000074,2024-10-30 17:09:23,Sold via REC00000074
INVMOVE0335,POS-PROD0005,POS002,Sale,-3.0,REC00000074,2024-10-30 17:09:23,Sold via REC00000074
INVMOVE0336,POS-PROD0010,POS002,Sale,-1.0,REC00000074,2024-10-30 17:09:23,Sold via REC00000074
INVMOVE0337,POS-PROD0010,POS002,Stock In,47.0,PO0039,2024-10-31 01:43:23,New stock delivery
INVMOVE0338,POS-PROD0010,POS002,Stock In,20.0,PO0040,2024-10-31 11:01:23,New stock delivery
INVMOVE0339,POS-PROD0019,POS003,Sale,-2.0,REC00000075,2025-06-09 01:58:11,Sold via REC00000075
INVMOVE0340,POS-PROD0019,POS003,Stock In,91.0,PO0041,2025-06-09 07:23:11,New stock delivery
INVMOVE0341,POS-PROD0019,POS003,Stock In,50.0,PO0042,2025-06-09 19:51:11,New stock delivery
INVMOVE0342,POS-PROD0018,POS003,Sale,-2.0,REC00000075,2025-06-09 01:58:11,Sold via REC00000075
INVMOVE0343,POS-PROD0007,POS003,Sale,-3.0,REC00000075,2025-06-09 01:58:11,Sold via REC00000075
INVMOVE0344,POS-PROD0001,POS003,Sale,-3.0,REC00000075,2025-06-09 01:58:11,Sold via REC00000075
INVMOVE0345,POS-PROD0011,POS001,Sale,-2.0,REC00000076,2025-07-13 22:55:54,Sold via REC00000076
INVMOVE0346,POS-PROD0014,POS002,Sale,-1.0,REC00000077,2025-08-13 21:25:21,Sold via REC00000077
INVMOVE0347,POS-PROD0001,POS002,Sale,-3.0,REC00000077,2025-08-13 21:25:21,Sold via REC00000077
INVMOVE0348,POS-PROD0011,POS002,Sale,-1.0,REC00000077,2025-08-13 21:25:21,Sold via REC00000077
INVMOVE0349,POS-PROD0018,POS002,Sale,-3.0,REC00000077,2025-08-13 21:25:21,Sold via REC00000077
INVMOVE0350,POS-PROD0004,POS002,Sale,-3.0,REC00000077,2025-08-13 21:25:21,Sold via REC00000077
INVMOVE0351,POS-PROD0012,POS001,Sale,-2.0,REC00000078,2025-08-19 01:07:46,Sold via REC00000078
INVMOVE0352,POS-PROD0004,POS001,Sale,-2.0,REC00000078,2025-08-19 01:07:46,Sold via REC00000078
INVMOVE0353,POS-PROD0020,POS001,Sale,-3.0,REC00000078,2025-08-19 01:07:46,Sold via REC00000078
INVMOVE0354,POS-PROD0019,POS001,Sale,-1.0,REC00000078,2025-08-19 01:07:46,Sold via REC00000078
INVMOVE0355,POS-PROD0005,POS001,Sale,-1.0,REC00000078,2025-08-19 01:07:46,Sold via REC00000078
INVMOVE0356,POS-PROD0019,POS001,Sale,-2.0,REC00000079,2024-10-19 22:23:17,Sold via REC00000079
INVMOVE0357,POS-PROD0013,POS001,Sale,-2.0,REC00000079,2024-10-19 22:23:17,Sold via REC00000079
INVMOVE0358,POS-PROD0012,POS001,Sale,-3.0,REC00000079,2024-10-19 22:23:17,Sold via REC00000079
INVMOVE0359,POS-PROD0010,POS001,Sale,-1.0,REC00000079,2024-10-19 22:23:17,Sold via REC00000079
INVMOVE0360,POS-PROD0012,POS001,Sale,-3.0,REC00000080,2025-05-09 22:13:17,Sold via REC00000080
INVMOVE0361,POS-PROD0012,POS001,Adjustment,-2.0,ADJ0046,2025-05-10 17:54:17,Stock adjustment ADJ0046
INVMOVE0362,POS-PROD0015,POS001,Sale,-2.0,REC00000080,2025-05-09 22:13:17,Sold via REC00000080
INVMOVE0363,POS-PROD0008,POS001,Sale,-1.0,REC00000080,2025-05-09 22:13:17,Sold via REC00000080
INVMOVE0364,POS-PROD0002,POS001,Sale,-1.0,REC00000080,2025-05-09 22:13:17,Sold via REC00000080
INVMOVE0365,POS-PROD0001,POS002,Sale,-3.0,REC00000081,2025-08-11 22:54:58,Sold via REC00000081
INVMOVE0366,POS-PROD0002,POS002,Sale,-1.0,REC00000081,2025-08-11 22:54:58,Sold via REC00000081
INVMOVE0367,POS-PROD0011,POS002,Sale,-1.0,REC00000081,2025-08-11 22:54:58,Sold via REC00000081
INVMOVE0368,POS-PROD0005,POS001,Sale,-2.0,REC00000082,2023-11-11 12:42:30,Sold via REC00000082
INVMOVE0369,POS-PROD0008,POS001,Sale,-3.0,REC00000082,2023-11-11 12:42:30,Sold via REC00000082
INVMOVE0370,POS-PROD0006,POS001,Sale,-3.0,REC00000083,2025-08-09 01:58:10,Sold via REC00000083
INVMOVE0371,POS-PROD0006,POS001,Stock In,56.0,PO0043,2025-08-09 10:43:10,New stock delivery
INVMOVE0372,POS-PROD0006,POS001,Adjustment,5.0,ADJ0047,2025-08-10 08:13:10,Stock adjustment ADJ0047
INVMOVE0373,POS-PROD0020,POS001,Sale,-3.0,REC00000083,2025-08-09 01:58:10,Sold via REC00000083
INVMOVE0374,POS-PROD0003,POS001,Sale,-2.0,REC00000083,2025-08-09 01:58:10,Sold via REC00000083
INVMOVE0375,POS-PROD0004,POS001,Sale,-2.0,REC00000083,2025-08-09 01:58:10,Sold via REC00000083
INVMOVE0376,POS-PROD0014,POS001,Sale,-3.0,REC00000083,2025-08-09 01:58:10,Sold via REC00000083
INVMOVE0377,POS-PROD0016,POS001,Sale,-2.0,REC00000084,2025-02-13 18:37:06,Sold via REC00000084
INVMOVE0378,POS-PROD0020,POS001,Sale,-2.0,REC00000084,2025-02-13 18:37:06,Sold via REC00000084
INVMOVE0379,POS-PROD0020,POS001,Return,2.0,RTN0033,2025-02-14 06:01:06,Customer return RTN0033
INVMOVE0380,POS-PROD0009,POS001,Sale,-3.0,REC00000084,2025-02-13 18:37:06,Sold via REC00000084
INVMOVE0381,POS-PROD0005,POS001,Sale,-3.0,REC00000084,2025-02-13 18:37:06,Sold via REC00000084
INVMOVE0382,POS-PROD0005,POS001,Return,3.0,RTN0034,2025-02-14 15:04:06,Customer return RTN0034
INVMOVE0383,POS-PROD0012,POS001,Sale,-2.0,REC00000084,2025-02-13 18:37:06,Sold via REC00000084
INVMOVE0384,POS-PROD0009,POS001,Sale,-3.0,REC00000085,2024-03-24 22:56:35,Sold via REC00000085
INVMOVE0385,POS-PROD0009,POS001,Adjustment,-2.0,ADJ0048,2024-03-25 15:27:35,Stock adjustment ADJ0048
INVMOVE0386,POS-PROD0015,POS001,Sale,-3.0,REC00000086,2025-06-28 16:29:39,Sold via REC00000086
INVMOVE0387,POS-PROD0015,POS001,Adjustment,-1.0,ADJ0049,2025-06-29 02:35:39,Stock adjustment ADJ0049
INVMOVE0388,POS-PROD0015,POS001,Stock In,91.0,PO0044,2025-06-29 19:30:39,New stock delivery
INVMOVE0389,POS-PROD0015,POS001,Adjustment,-2.0,ADJ0050,2025-06-30 06:47:39,Stock adjustment ADJ0050
INVMOVE0390,POS-PROD0005,POS003,Sale,-3.0,REC00000087,2025-02-07 04:14:06,Sold via REC00000087
INVMOVE0391,POS-PROD0005,POS003,Return,2.0,RTN0035,2025-02-07 16:51:06,Customer return RTN0035
INVMOVE0392,POS-PROD0017,POS003,Sale,-1.0,REC00000087,2025-02-07 04:14:06,Sold via REC00000087
INVMOVE0393,POS-PROD0018,POS003,Sale,-2.0,REC00000087,2025-02-07 04:14:06,Sold via REC00000087
INVMOVE0394,POS-PROD0008,POS003,Sale,-2.0,REC00000087,2025-02-07 04:14:06,Sold via REC00000087
INVMOVE0395,POS-PROD0001,POS003,Sale,-1.0,REC00000087,2025-02-07 04:14:06,Sold via REC00000087
INVMOVE0396,POS-PROD0003,POS002,Sale,-2.0,REC00000088,2024-06-23 18:29:46,Sold via REC00000088
INVMOVE0397,POS-PROD0010,POS002,Sale,-2.0,REC00000088,2024-06-23 18:29:46,Sold via REC00000088
INVMOVE0398,POS-PROD0010,POS002,Adjustment,1.0,ADJ0051,2024-06-24 01:48:46,Stock adjustment ADJ0051
INVMOVE0399,POS-PROD0019,POS002,Sale,-2.0,REC00000088,2024-06-23 18:29:46,Sold via REC00000088
INVMOVE0400,POS-PROD0017,POS002,Sale,-2.0,REC00000088,2024-06-23 18:29:46,Sold via REC00000088
INVMOVE0401,POS-PROD0012,POS001,Sale,-2.0,REC00000089,2025-08-01 13:21:02,Sold via REC00000089
INVMOVE0402,POS-PROD0012,POS001,Return,2.0,RTN0036,2025-08-02 12:29:02,Customer return RTN0036
INVMOVE0403,POS-PROD0007,POS001,Sale,-2.0,REC00000090,2024-08-11 09:00:07,Sold via REC00000090
INVMOVE0404,POS-PROD0014,POS001,Sale,-3.0,REC00000090,2024-08-11 09:00:07,Sold via REC00000090
INVMOVE0405,POS-PROD0016,POS001,Sale,-2.0,REC00000090,2024-08-11 09:00:07,Sold via REC00000090
INVMOVE0406,POS-PROD0004,POS001,Sale,-2.0,REC00000090,2024-08-11 09:00:07,Sold via REC00000090
INVMOVE0407,POS-PROD0004,POS001,Stock In,58.0,PO0045,2024-08-11 11:41:07,New stock delivery
INVMOVE0408,POS-PROD0008,POS001,Sale,-3.0,REC00000091,2023-11-01 16:32:15,Sold via REC00000091
INVMOVE0409,POS-PROD0005,POS001,Sale,-2.0,REC00000091,2023-11-01 16:32:15,Sold via REC00000091
INVMOVE0410,POS-PROD0019,POS002,Sale,-1.0,REC00000092,2024-05-05 09:09:05,Sold via REC00000092
INVMOVE0411,POS-PROD0015,POS001,Sale,-1.0,REC00000093,2024-08-13 19:59:58,Sold via REC00000093
INVMOVE0412,POS-PROD0015,POS001,Adjustment,5.0,ADJ0052,2024-08-14 10:25:58,Stock adjustment ADJ0052
INVMOVE0413,POS-PROD0020,POS002,Sale,-1.0,REC00000094,2024-11-11 08:36:29,Sold via REC00000094
INVMOVE0414,POS-PROD0020,POS002,Stock In,56.0,PO0046,2024-11-12 03:05:29,New stock delivery
INVMOVE0415,POS-PROD0007,POS002,Sale,-3.0,REC00000094,2024-11-11 08:36:29,Sold via REC00000094
INVMOVE0416,POS-PROD0007,POS002,Adjustment,-5.0,ADJ0053,2024-11-11 17:14:29,Stock adjustment ADJ0053
INVMOVE0417,POS-PROD0015,POS002,Sale,-3.0,REC00000094,2024-11-11 08:36:29,Sold via REC00000094
INVMOVE0418,POS-PROD0002,POS002,Sale,-2.0,REC00000094,2024-11-11 08:36:29,Sold via REC00000094
INVMOVE0419,POS-PROD0005,POS001,Sale,-3.0,REC00000095,2024-12-19 08:37:21,Sold via REC00000095
INVMOVE0420,POS-PROD0002,POS001,Sale,-1.0,REC00000095,2024-12-19 08:37:21,Sold via REC00000095
INVMOVE0421,POS-PROD0002,POS001,Adjustment,5.0,ADJ0054,2024-12-20 06:51:21,Stock adjustment ADJ0054
INVMOVE0422,POS-PROD0017,POS001,Sale,-3.0,REC00000096,2025-07-12 09:52:19,Sold via REC00000096
INVMOVE0423,POS-PROD0017,POS001,Stock In,65.0,PO0047,2025-07-12 13:38:19,New stock delivery
INVMOVE0424,POS-PROD0011,POS001,Sale,-3.0,REC00000096,2025-07-12 09:52:19,Sold via REC00000096
INVMOVE0425,POS-PROD0006,POS001,Sale,-2.0,REC00000096,2025-07-12 09:52:19,Sold via REC00000096
INVMOVE0426,POS-PROD0004,POS001,Sale,-3.0,REC00000096,2025-07-12 09:52:19,Sold via REC00000096
INVMOVE0427,POS-PROD0002,POS001,Sale,-1.0,REC00000096,2025-07-12 09:52:19,Sold via REC00000096
INVMOVE0428,POS-PROD0012,POS001,Sale,-2.0,REC00000097,2025-01-28 15:29:26,Sold via REC00000097
INVMOVE0429,POS-PROD0014,POS001,Sale,-3.0,REC00000097,2025-01-28 15:29:26,Sold via REC00000097
INVMOVE0430,POS-PROD0004,POS001,Sale,-2.0,REC00000097,2025-01-28 15:29:26,Sold via REC00000097
INVMOVE0431,POS-PROD0013,POS001,Sale,-3.0,REC00000097,2025-01-28 15:29:26,Sold via REC00000097
INVMOVE0432,POS-PROD0013,POS001,Stock In,85.0,PO0048,2025-01-29 15:13:26,New stock delivery
INVMOVE0433,POS-PROD0014,POS001,Sale,-2.0,REC00000098,2025-02-05 22:06:34,Sold via REC00000098
INVMOVE0434,POS-PROD0008,POS001,Sale,-2.0,REC00000099,2024-12-03 02:40:21,Sold via REC00000099
INVMOVE0435,POS-PROD0017,POS001,Sale,-2.0,REC00000099,2024-12-03 02:40:21,Sold via REC00000099
INVMOVE0436,POS-PROD0011,POS001,Sale,-1.0,REC00000099,2024-12-03 02:40:21,Sold via REC00000099
INVMOVE0437,POS-PROD0009,POS001,Sale,-3.0,REC00000099,2024-12-03 02:40:21,Sold via REC00000099
INVMOVE0438,POS-PROD0009,POS001,Adjustment,-5.0,ADJ0055,2024-12-03 07:40:21,Stock adjustment ADJ0055
INVMOVE0439,POS-PROD0020,POS001,Sale,-3.0,REC00000099,2024-12-03 02:40:21,Sold via REC00000099
INVMOVE0440,POS-PROD0001,POS001,Sale,-1.0,REC00000100,2025-02-12 00:46:14,Sold via REC00000100
INVMOVE0441,POS-PROD0001,POS001,Stock In,76.0,PO0049,2025-02-12 17:25:14,New stock delivery
INVMOVE0442,POS-PROD0009,POS001,Sale,-3.0,REC00000100,2025-02-12 00:46:14,Sold via REC00000100
