order_id,item_id,product_id,product_name,category,sku,qty,price,discount,shipping_fee,tax,updated_at
LAZ-ORD00000001,LAZ-ITEM00000001,LAZ-PROD0031,Dockers MotionFlex Shorts,Bottoms,LAZ-SKU0012,1,180,8,0,10.8,2025-05-28 23:31:07
LAZ-ORD00000002,LAZ-ITEM00000002,LAZ-PROD0077,Under Armour QuickDry Polo Shirt,Tops,LAZ-SKU0076,1,150,9,0,9.0,2025-06-26 13:26:21
LAZ-ORD00000002,LAZ-ITEM00000003,LAZ-PROD0051,Tommy Hilfiger Ribbed Blouse,Tops,LAZ-SKU0025,1,230,6,0,13.8,2025-07-01 19:40:40
LAZ-ORD00000002,LAZ-ITEM00000004,LAZ-PROD0038,Nike FreshFoam Sandals,Shoes,LAZ-SKU0066,1,260,8,0,15.6,2025-06-13 19:41:03
LAZ-ORD00000003,LAZ-ITEM00000005,LAZ-PROD0040,Levi's MotionFlex Cargo Pants,Bottoms,LAZ-SKU0017,3,60,8,0,10.8,2025-06-26 20:19:09
LAZ-ORD00000004,LAZ-ITEM00000006,LAZ-PROD0046,Under Armour HyperDry Yoga Pants,Activewear,LAZ-SKU0020,1,150,2,0,9.0,2025-08-08 20:50:06
LAZ-ORD00000004,LAZ-ITEM00000007,LAZ-PROD0010,Adidas AirMax Sandals,Shoes,LAZ-SKU0001,3,130,3,0,23.4,2025-08-08 13:14:07
LAZ-ORD00000004,LAZ-ITEM00000008,LAZ-PROD0056,Nike Breathable Yoga Pants,Activewear,LAZ-SKU0079,2,230,2,0,27.6,2025-08-09 06:12:44
LAZ-ORD00000004,LAZ-ITEM00000009,LAZ-PROD0061,Under Armour MotionWeave Track Jacket,Activewear,LAZ-SKU0057,1,100,0,0,6.0,2025-08-08 09:01:33
LAZ-ORD00000004,LAZ-ITEM00000010,LAZ-PROD0026,Tommy Hilfiger Ruched Mini Dress,Dresses,LAZ-SKU0016,1,260,0,0,15.6,2025-08-07 11:03:47
LAZ-ORD00000005,LAZ-ITEM00000011,LAZ-PROD0071,New Balance SmoothMotion Slip-Ons,Shoes,LAZ-SKU0080,1,260,2,0,15.6,2025-07-17 07:08:18
LAZ-ORD00000005,LAZ-ITEM00000012,LAZ-PROD0045,Nike BounceFlex Leggings,Activewear,LAZ-SKU0028,3,120,6,0,21.6,2025-07-18 03:45:28
LAZ-ORD00000006,LAZ-ITEM00000013,LAZ-PROD0067,Lululemon Breathable Running Shorts,Activewear,LAZ-SKU0047,3,80,0,0,14.4,2025-07-30 04:42:27
LAZ-ORD00000007,LAZ-ITEM00000014,LAZ-PROD0066,Ralph Lauren Contemporary Maxi Dress,Dresses,LAZ-SKU0068,2,230,4,0,27.6,2025-06-01 02:36:42
LAZ-ORD00000007,LAZ-ITEM00000015,LAZ-PROD0072,American Eagle ProStretch Cargo Pants,Bottoms,LAZ-SKU0042,1,270,3,0,16.2,2025-06-03 15:33:17
LAZ-ORD00000007,LAZ-ITEM00000016,LAZ-PROD0001,The North Face UtilityStyle Cardigan,Outerwear,LAZ-SKU0084,2,260,4,0,31.2,2025-06-02 08:16:41
LAZ-ORD00000007,LAZ-ITEM00000017,LAZ-PROD0057,Tommy Hilfiger Ribbed T-Shirt,Tops,LAZ-SKU0007,3,110,6,0,19.8,2025-06-03 13:34:15
LAZ-ORD00000007,LAZ-ITEM00000018,LAZ-PROD0006,Reebok TrueShape T-Shirt,Tops,LAZ-SKU0040,2,110,8,0,13.2,2025-06-02 13:23:09
LAZ-ORD00000008,LAZ-ITEM00000019,LAZ-PROD0021,Nike Dri-FIT Tank Top,Tops,LAZ-SKU0056,1,170,0,0,10.2,2025-03-06 16:15:09
LAZ-ORD00000009,LAZ-ITEM00000020,LAZ-PROD0004,Adidas Ribbed T-Shirt,Tops,LAZ-SKU0046,2,230,4,0,27.6,2025-08-04 06:37:55
LAZ-ORD00000009,LAZ-ITEM00000021,LAZ-PROD0065,Old Navy SlimCore Jeans,Bottoms,LAZ-SKU0051,2,240,8,0,28.8,2025-07-28 08:24:31
LAZ-ORD00000009,LAZ-ITEM00000022,LAZ-PROD0038,Nike FreshFoam Sandals,Shoes,LAZ-SKU0066,1,260,0,0,15.6,2025-08-06 19:43:11
LAZ-ORD00000009,LAZ-ITEM00000023,LAZ-PROD0034,Champion Seamless Leggings,Activewear,LAZ-SKU0029,1,50,0,2,3.0,2025-07-08 00:56:40
LAZ-ORD00000010,LAZ-ITEM00000024,LAZ-PROD0028,Tommy Hilfiger Ruched Dress,Dresses,LAZ-SKU0097,1,230,1,0,13.8,2025-07-15 16:32:28
LAZ-ORD00000010,LAZ-ITEM00000025,LAZ-PROD0071,New Balance SmoothMotion Slip-Ons,Shoes,LAZ-SKU0080,1,260,9,0,15.6,2025-07-15 07:05:54
LAZ-ORD00000010,LAZ-ITEM00000026,LAZ-PROD0064,Puma RapidDry Running Shorts,Activewear,LAZ-SKU0044,2,140,2,0,16.8,2025-07-16 03:24:08
LAZ-ORD00000011,LAZ-ITEM00000027,LAZ-PROD0016,Under Armour Cropped Tank Top,Tops,LAZ-SKU0005,2,200,5,0,24.0,2025-08-22 16:59:38
LAZ-ORD00000011,LAZ-ITEM00000028,LAZ-PROD0065,Old Navy SlimCore Jeans,Bottoms,LAZ-SKU0051,3,240,3,0,43.2,2025-08-10 11:47:01
LAZ-ORD00000011,LAZ-ITEM00000029,LAZ-PROD0067,Lululemon Breathable Running Shorts,Activewear,LAZ-SKU0047,2,80,9,0,9.6,2025-08-27 06:42:17
LAZ-ORD00000012,LAZ-ITEM00000030,LAZ-PROD0080,Dockers MotionFlex Jeans,Bottoms,LAZ-SKU0060,3,150,7,0,27.0,2025-08-23 04:29:22
LAZ-ORD00000013,LAZ-ITEM00000031,LAZ-PROD0028,Tommy Hilfiger Ruched Dress,Dresses,LAZ-SKU0097,1,230,6,0,13.8,2025-08-11 06:16:21
LAZ-ORD00000013,LAZ-ITEM00000032,LAZ-PROD0016,Under Armour Cropped Tank Top,Tops,LAZ-SKU0005,2,200,0,0,24.0,2025-08-07 17:28:14
LAZ-ORD00000013,LAZ-ITEM00000033,LAZ-PROD0073,Gap CoreFlex Trousers,Bottoms,LAZ-SKU0059,1,110,3,0,6.6,2025-08-07 12:02:46
LAZ-ORD00000013,LAZ-ITEM00000034,LAZ-PROD0058,Nike AirMax Sneakers,Shoes,LAZ-SKU0065,3,270,5,0,48.6,2025-08-07 03:30:43
LAZ-ORD00000013,LAZ-ITEM00000035,LAZ-PROD0027,Nike RapidDry Track Jacket,Activewear,LAZ-SKU0041,2,100,1,0,12.0,2025-08-11 21:09:16
LAZ-ORD00000014,LAZ-ITEM00000036,LAZ-PROD0041,Skechers GlideStep Sandals,Shoes,LAZ-SKU0050,2,180,3,0,21.6,2025-08-24 22:41:54
LAZ-ORD00000014,LAZ-ITEM00000037,LAZ-PROD0064,Puma RapidDry Running Shorts,Activewear,LAZ-SKU0044,3,140,8,0,25.2,2025-08-25 14:24:01
LAZ-ORD00000014,LAZ-ITEM00000038,LAZ-PROD0016,Under Armour Cropped Tank Top,Tops,LAZ-SKU0005,1,200,4,0,12.0,2025-08-24 16:01:41
LAZ-ORD00000014,LAZ-ITEM00000039,LAZ-PROD0021,Nike Dri-FIT Tank Top,Tops,LAZ-SKU0056,3,170,9,0,30.6,2025-08-22 17:45:53
LAZ-ORD00000014,LAZ-ITEM00000040,LAZ-PROD0058,Nike AirMax Sneakers,Shoes,LAZ-SKU0065,1,270,8,0,16.2,2025-08-25 01:45:58
LAZ-ORD00000015,LAZ-ITEM00000041,LAZ-PROD0005,Gap High-Rise Chinos,Bottoms,LAZ-SKU0045,2,310,1,0,37.2,2025-07-10 14:46:13
LAZ-ORD00000015,LAZ-ITEM00000042,LAZ-PROD0062,Old Navy PowerStretch Trousers,Bottoms,LAZ-SKU0100,1,170,6,0,10.2,2025-07-10 11:00:11
LAZ-ORD00000016,LAZ-ITEM00000043,LAZ-PROD0041,Skechers GlideStep Sandals,Shoes,LAZ-SKU0050,1,180,1,0,10.8,2025-08-25 00:10:09
LAZ-ORD00000016,LAZ-ITEM00000044,LAZ-PROD0044,Converse FreshFoam Sneakers,Shoes,LAZ-SKU0096,2,320,6,0,38.4,2025-08-25 07:49:31
LAZ-ORD00000017,LAZ-ITEM00000045,LAZ-PROD0016,Under Armour Cropped Tank Top,Tops,LAZ-SKU0005,3,200,5,0,36.0,2025-08-28 00:24:37
LAZ-ORD00000017,LAZ-ITEM00000046,LAZ-PROD0066,Ralph Lauren Contemporary Maxi Dress,Dresses,LAZ-SKU0068,2,230,1,0,27.6,2025-08-28 02:31:00
LAZ-ORD00000017,LAZ-ITEM00000047,LAZ-PROD0014,Tommy Hilfiger Padded Cardigan,Outerwear,LAZ-SKU0034,1,130,2,0,7.8,2025-08-27 15:59:14
LAZ-ORD00000017,LAZ-ITEM00000048,LAZ-PROD0004,Adidas Ribbed T-Shirt,Tops,LAZ-SKU0046,2,230,4,0,27.6,2025-08-27 14:26:12
LAZ-ORD00000018,LAZ-ITEM00000049,LAZ-PROD0038,Nike FreshFoam Sandals,Shoes,LAZ-SKU0066,3,260,1,0,46.8,2025-06-04 21:06:49
LAZ-ORD00000018,LAZ-ITEM00000050,LAZ-PROD0037,New Balance SmoothMotion Sandals,Shoes,LAZ-SKU0067,2,290,2,0,34.8,2025-06-27 11:35:04
LAZ-ORD00000019,LAZ-ITEM00000051,LAZ-PROD0054,Vans SmoothMotion Slip-Ons,Shoes,LAZ-SKU0039,3,100,0,0,18.0,2025-05-22 04:00:40
LAZ-ORD00000020,LAZ-ITEM00000052,LAZ-PROD0058,Nike AirMax Sneakers,Shoes,LAZ-SKU0065,3,270,6,0,48.6,2025-07-13 06:00:37
LAZ-ORD00000020,LAZ-ITEM00000053,LAZ-PROD0041,Skechers GlideStep Sandals,Shoes,LAZ-SKU0050,3,180,1,0,32.4,2025-07-11 12:18:27
LAZ-ORD00000021,LAZ-ITEM00000054,LAZ-PROD0055,Wrangler EnduraFit Cargo Pants,Bottoms,LAZ-SKU0009,2,120,4,0,14.4,2025-05-18 05:21:44
LAZ-ORD00000021,LAZ-ITEM00000055,LAZ-PROD0025,Lee ProStretch Skirt,Bottoms,LAZ-SKU0070,2,270,2,0,32.4,2025-04-21 11:33:49
LAZ-ORD00000022,LAZ-ITEM00000056,LAZ-PROD0005,Gap High-Rise Chinos,Bottoms,LAZ-SKU0045,1,310,0,0,18.6,2025-06-07 16:41:46
LAZ-ORD00000022,LAZ-ITEM00000057,LAZ-PROD0045,Nike BounceFlex Leggings,Activewear,LAZ-SKU0028,3,120,1,0,21.6,2025-05-29 07:53:56
LAZ-ORD00000022,LAZ-ITEM00000058,LAZ-PROD0028,Tommy Hilfiger Ruched Dress,Dresses,LAZ-SKU0097,2,230,0,0,27.6,2025-06-06 06:56:28
LAZ-ORD00000022,LAZ-ITEM00000059,LAZ-PROD0039,Adidas AeroCool Yoga Pants,Activewear,LAZ-SKU0036,1,220,0,0,13.2,2025-05-31 09:32:44
LAZ-ORD00000022,LAZ-ITEM00000060,LAZ-PROD0016,Under Armour Cropped Tank Top,Tops,LAZ-SKU0005,1,200,8,0,12.0,2025-07-01 03:02:09
LAZ-ORD00000023,LAZ-ITEM00000061,LAZ-PROD0079,Reebok AirFlow Shirt,Tops,LAZ-SKU0095,2,280,4,0,33.6,2025-05-28 18:04:01
LAZ-ORD00000024,LAZ-ITEM00000062,LAZ-PROD0047,Dockers High-Rise Trousers,Bottoms,LAZ-SKU0082,1,140,5,0,8.4,2025-02-01 15:25:05
LAZ-ORD00000024,LAZ-ITEM00000063,LAZ-PROD0032,The North Face UtilityStyle Hoodie,Outerwear,LAZ-SKU0048,1,290,3,0,17.4,2025-01-19 09:33:35
LAZ-ORD00000024,LAZ-ITEM00000064,LAZ-PROD0059,Dockers High-Rise Shorts,Bottoms,LAZ-SKU0037,3,210,8,0,37.8,2025-01-31 16:36:12
LAZ-ORD00000025,LAZ-ITEM00000065,LAZ-PROD0066,Ralph Lauren Contemporary Maxi Dress,Dresses,LAZ-SKU0068,1,230,9,0,13.8,2025-08-10 20:32:40
LAZ-ORD00000025,LAZ-ITEM00000066,LAZ-PROD0048,Champion HyperDry Track Jacket,Activewear,LAZ-SKU0026,3,270,1,0,48.6,2025-08-08 07:07:09
LAZ-ORD00000025,LAZ-ITEM00000067,LAZ-PROD0007,Banana Republic Pleated Shift Dress,Dresses,LAZ-SKU0023,2,90,1,0,10.8,2025-08-12 01:50:46
LAZ-ORD00000026,LAZ-ITEM00000068,LAZ-PROD0075,Calvin Klein Quilted Hoodie,Outerwear,LAZ-SKU0099,1,280,2,0,16.8,2025-06-21 20:00:46
LAZ-ORD00000026,LAZ-ITEM00000069,LAZ-PROD0071,New Balance SmoothMotion Slip-Ons,Shoes,LAZ-SKU0080,2,260,3,0,31.2,2025-04-21 22:18:50
LAZ-ORD00000026,LAZ-ITEM00000070,LAZ-PROD0060,Marmot Padded Jacket,Outerwear,LAZ-SKU0090,1,160,4,0,9.6,2025-05-07 21:09:34
LAZ-ORD00000026,LAZ-ITEM00000071,LAZ-PROD0034,Champion Seamless Leggings,Activewear,LAZ-SKU0029,1,50,0,12,3.0,2025-05-20 19:31:49
LAZ-ORD00000027,LAZ-ITEM00000072,LAZ-PROD0075,Calvin Klein Quilted Hoodie,Outerwear,LAZ-SKU0099,3,280,6,0,50.4,2025-04-23 00:58:00
LAZ-ORD00000027,LAZ-ITEM00000073,LAZ-PROD0006,Reebok TrueShape T-Shirt,Tops,LAZ-SKU0040,2,110,4,0,13.2,2025-06-07 19:43:50
LAZ-ORD00000027,LAZ-ITEM00000074,LAZ-PROD0074,Lululemon SkinFit Athletic Tee,Activewear,LAZ-SKU0049,3,110,0,0,19.8,2025-06-10 16:22:09
LAZ-ORD00000027,LAZ-ITEM00000075,LAZ-PROD0041,Skechers GlideStep Sandals,Shoes,LAZ-SKU0050,3,180,5,0,32.4,2025-06-02 09:37:15
LAZ-ORD00000027,LAZ-ITEM00000076,LAZ-PROD0014,Tommy Hilfiger Padded Cardigan,Outerwear,LAZ-SKU0034,2,130,4,0,15.6,2025-03-10 17:20:07
LAZ-ORD00000028,LAZ-ITEM00000077,LAZ-PROD0062,Old Navy PowerStretch Trousers,Bottoms,LAZ-SKU0100,2,170,8,0,20.4,2025-05-18 20:12:05
LAZ-ORD00000028,LAZ-ITEM00000078,LAZ-PROD0043,Skechers LightMotion Sneakers,Shoes,LAZ-SKU0008,2,160,6,0,19.2,2025-06-07 08:59:23
LAZ-ORD00000028,LAZ-ITEM00000079,LAZ-PROD0080,Dockers MotionFlex Jeans,Bottoms,LAZ-SKU0060,1,150,0,0,9.0,2025-05-31 07:43:42
LAZ-ORD00000028,LAZ-ITEM00000080,LAZ-PROD0016,Under Armour Cropped Tank Top,Tops,LAZ-SKU0005,1,200,7,0,12.0,2025-06-18 01:41:39
LAZ-ORD00000028,LAZ-ITEM00000081,LAZ-PROD0001,The North Face UtilityStyle Cardigan,Outerwear,LAZ-SKU0084,3,260,3,0,46.8,2025-07-15 23:21:08
LAZ-ORD00000029,LAZ-ITEM00000082,LAZ-PROD0025,Lee ProStretch Skirt,Bottoms,LAZ-SKU0070,1,270,8,0,16.2,2025-05-26 02:07:54
LAZ-ORD00000030,LAZ-ITEM00000083,LAZ-PROD0038,Nike FreshFoam Sandals,Shoes,LAZ-SKU0066,1,260,4,0,15.6,2025-03-09 07:04:48
LAZ-ORD00000031,LAZ-ITEM00000084,LAZ-PROD0076,Lee ActiveDry Chinos,Bottoms,LAZ-SKU0058,3,180,3,0,32.4,2025-07-20 20:47:46
LAZ-ORD00000031,LAZ-ITEM00000085,LAZ-PROD0006,Reebok TrueShape T-Shirt,Tops,LAZ-SKU0040,2,110,3,0,13.2,2025-07-19 20:47:39
LAZ-ORD00000032,LAZ-ITEM00000086,LAZ-PROD0059,Dockers High-Rise Shorts,Bottoms,LAZ-SKU0037,2,210,1,0,25.2,2025-06-06 14:38:12
LAZ-ORD00000033,LAZ-ITEM00000087,LAZ-PROD0028,Tommy Hilfiger Ruched Dress,Dresses,LAZ-SKU0097,2,230,9,0,27.6,2025-05-22 15:19:23
LAZ-ORD00000033,LAZ-ITEM00000088,LAZ-PROD0048,Champion HyperDry Track Jacket,Activewear,LAZ-SKU0026,3,270,5,0,48.6,2025-05-24 14:03:00
LAZ-ORD00000033,LAZ-ITEM00000089,LAZ-PROD0065,Old Navy SlimCore Jeans,Bottoms,LAZ-SKU0051,2,240,3,0,28.8,2025-05-24 00:54:47
LAZ-ORD00000033,LAZ-ITEM00000090,LAZ-PROD0007,Banana Republic Pleated Shift Dress,Dresses,LAZ-SKU0023,3,90,8,0,16.2,2025-05-19 11:52:55
LAZ-ORD00000033,LAZ-ITEM00000091,LAZ-PROD0072,American Eagle ProStretch Cargo Pants,Bottoms,LAZ-SKU0042,1,270,3,0,16.2,2025-05-21 11:30:10
LAZ-ORD00000034,LAZ-ITEM00000092,LAZ-PROD0054,Vans SmoothMotion Slip-Ons,Shoes,LAZ-SKU0039,3,100,4,0,18.0,2025-04-23 16:47:39
LAZ-ORD00000035,LAZ-ITEM00000093,LAZ-PROD0002,Adidas CoolTouch Tank Top,Tops,LAZ-SKU0054,2,130,1,0,15.6,2025-06-26 07:40:21
LAZ-ORD00000035,LAZ-ITEM00000094,LAZ-PROD0073,Gap CoreFlex Trousers,Bottoms,LAZ-SKU0059,3,110,4,0,19.8,2025-06-30 09:37:45
LAZ-ORD00000035,LAZ-ITEM00000095,LAZ-PROD0072,American Eagle ProStretch Cargo Pants,Bottoms,LAZ-SKU0042,2,270,3,0,32.4,2025-07-20 04:40:46
LAZ-ORD00000035,LAZ-ITEM00000096,LAZ-PROD0045,Nike BounceFlex Leggings,Activewear,LAZ-SKU0028,1,120,9,0,7.2,2025-06-14 16:38:07
LAZ-ORD00000035,LAZ-ITEM00000097,LAZ-PROD0053,Nike SpeedForm Boots,Shoes,LAZ-SKU0018,2,200,8,0,24.0,2025-06-21 15:02:24
LAZ-ORD00000036,LAZ-ITEM00000098,LAZ-PROD0074,Lululemon SkinFit Athletic Tee,Activewear,LAZ-SKU0049,2,110,6,0,13.2,2025-05-18 13:07:23
LAZ-ORD00000036,LAZ-ITEM00000099,LAZ-PROD0030,Dockers ActiveDry Cargo Pants,Bottoms,LAZ-SKU0073,1,150,8,0,9.0,2025-05-17 12:48:46
LAZ-ORD00000037,LAZ-ITEM00000100,LAZ-PROD0052,Skechers MaxSpeed Running Shoes,Shoes,LAZ-SKU0004,3,230,4,0,41.4,2025-07-02 04:54:21
LAZ-ORD00000037,LAZ-ITEM00000101,LAZ-PROD0072,American Eagle ProStretch Cargo Pants,Bottoms,LAZ-SKU0042,1,270,7,0,16.2,2025-07-05 16:42:31
LAZ-ORD00000037,LAZ-ITEM00000102,LAZ-PROD0017,Champion BounceFlex Sports Bra,Activewear,LAZ-SKU0077,3,120,9,0,21.6,2025-07-11 15:58:18
LAZ-ORD00000038,LAZ-ITEM00000103,LAZ-PROD0080,Dockers MotionFlex Jeans,Bottoms,LAZ-SKU0060,3,150,9,0,27.0,2025-04-24 23:16:46
LAZ-ORD00000039,LAZ-ITEM00000104,LAZ-PROD0023,Timberland GripLock Sandals,Shoes,LAZ-SKU0027,3,220,3,0,39.6,2025-06-10 13:49:51
LAZ-ORD00000039,LAZ-ITEM00000105,LAZ-PROD0034,Champion Seamless Leggings,Activewear,LAZ-SKU0029,1,50,0,5,3.0,2025-07-10 12:55:09
LAZ-ORD00000039,LAZ-ITEM00000106,LAZ-PROD0007,Banana Republic Pleated Shift Dress,Dresses,LAZ-SKU0023,1,90,6,0,5.4,2025-04-03 11:23:04
LAZ-ORD00000039,LAZ-ITEM00000107,LAZ-PROD0077,Under Armour QuickDry Polo Shirt,Tops,LAZ-SKU0076,2,150,6,0,18.0,2025-04-04 17:10:10
LAZ-ORD00000039,LAZ-ITEM00000108,LAZ-PROD0070,New Balance FreshFoam Sneakers,Shoes,LAZ-SKU0098,1,270,3,0,16.2,2025-04-09 12:56:57
LAZ-ORD00000040,LAZ-ITEM00000109,LAZ-PROD0002,Adidas CoolTouch Tank Top,Tops,LAZ-SKU0054,1,130,3,0,7.8,2025-08-28 23:07:46
LAZ-ORD00000040,LAZ-ITEM00000110,LAZ-PROD0028,Tommy Hilfiger Ruched Dress,Dresses,LAZ-SKU0097,3,230,1,0,41.4,2025-08-28 08:00:19
LAZ-ORD00000040,LAZ-ITEM00000111,LAZ-PROD0004,Adidas Ribbed T-Shirt,Tops,LAZ-SKU0046,2,230,1,0,27.6,2025-08-29 06:48:13
LAZ-ORD00000040,LAZ-ITEM00000112,LAZ-PROD0077,Under Armour QuickDry Polo Shirt,Tops,LAZ-SKU0076,2,150,1,0,18.0,2025-08-29 02:04:27
LAZ-ORD00000040,LAZ-ITEM00000113,LAZ-PROD0047,Dockers High-Rise Trousers,Bottoms,LAZ-SKU0082,1,140,3,0,8.4,2025-08-29 07:19:42
LAZ-ORD00000041,LAZ-ITEM00000114,LAZ-PROD0005,Gap High-Rise Chinos,Bottoms,LAZ-SKU0045,2,310,3,0,37.2,2025-04-09 03:55:16
LAZ-ORD00000041,LAZ-ITEM00000115,LAZ-PROD0055,Wrangler EnduraFit Cargo Pants,Bottoms,LAZ-SKU0009,1,120,4,0,7.2,2025-01-28 07:09:12
LAZ-ORD00000041,LAZ-ITEM00000116,LAZ-PROD0046,Under Armour HyperDry Yoga Pants,Activewear,LAZ-SKU0020,1,150,7,0,9.0,2025-03-05 15:29:21
LAZ-ORD00000042,LAZ-ITEM00000117,LAZ-PROD0021,Nike Dri-FIT Tank Top,Tops,LAZ-SKU0056,1,170,4,0,10.2,2025-08-07 22:29:23
LAZ-ORD00000042,LAZ-ITEM00000118,LAZ-PROD0058,Nike AirMax Sneakers,Shoes,LAZ-SKU0065,1,270,4,0,16.2,2025-08-07 02:27:40
LAZ-ORD00000042,LAZ-ITEM00000119,LAZ-PROD0014,Tommy Hilfiger Padded Cardigan,Outerwear,LAZ-SKU0034,3,130,6,0,23.4,2025-08-08 17:18:58
LAZ-ORD00000042,LAZ-ITEM00000120,LAZ-PROD0079,Reebok AirFlow Shirt,Tops,LAZ-SKU0095,2,280,3,0,33.6,2025-08-06 12:28:05
LAZ-ORD00000042,LAZ-ITEM00000121,LAZ-PROD0073,Gap CoreFlex Trousers,Bottoms,LAZ-SKU0059,1,110,2,0,6.6,2025-08-08 00:14:37
LAZ-ORD00000043,LAZ-ITEM00000122,LAZ-PROD0002,Adidas CoolTouch Tank Top,Tops,LAZ-SKU0054,1,130,6,0,7.8,2025-04-06 12:24:24
LAZ-ORD00000043,LAZ-ITEM00000123,LAZ-PROD0058,Nike AirMax Sneakers,Shoes,LAZ-SKU0065,1,270,1,0,16.2,2025-08-19 06:04:33
LAZ-ORD00000043,LAZ-ITEM00000124,LAZ-PROD0040,Levi's MotionFlex Cargo Pants,Bottoms,LAZ-SKU0017,3,60,5,5,10.8,2025-07-16 11:43:13
LAZ-ORD00000043,LAZ-ITEM00000125,LAZ-PROD0050,Levi's TaperedFit Jeans,Bottoms,LAZ-SKU0014,2,160,5,0,19.2,2025-04-28 08:23:23
LAZ-ORD00000043,LAZ-ITEM00000126,LAZ-PROD0061,Under Armour MotionWeave Track Jacket,Activewear,LAZ-SKU0057,3,100,2,0,18.0,2025-05-27 00:51:14
LAZ-ORD00000044,LAZ-ITEM00000127,LAZ-PROD0045,Nike BounceFlex Leggings,Activewear,LAZ-SKU0028,3,120,6,0,21.6,2025-06-08 17:21:35
LAZ-ORD00000044,LAZ-ITEM00000128,LAZ-PROD0068,Levi's ProStretch Jeans,Bottoms,LAZ-SKU0069,3,210,7,0,37.8,2025-06-08 22:36:31
LAZ-ORD00000044,LAZ-ITEM00000129,LAZ-PROD0029,Vans LightMotion Running Shoes,Shoes,LAZ-SKU0010,2,180,6,0,21.6,2025-06-21 01:11:59
LAZ-ORD00000045,LAZ-ITEM00000130,LAZ-PROD0007,Banana Republic Pleated Shift Dress,Dresses,LAZ-SKU0023,3,90,2,0,16.2,2025-06-09 16:18:24
LAZ-ORD00000045,LAZ-ITEM00000131,LAZ-PROD0077,Under Armour QuickDry Polo Shirt,Tops,LAZ-SKU0076,3,150,2,0,27.0,2025-06-29 08:29:35
LAZ-ORD00000045,LAZ-ITEM00000132,LAZ-PROD0072,American Eagle ProStretch Cargo Pants,Bottoms,LAZ-SKU0042,1,270,0,0,16.2,2025-06-01 15:04:09
LAZ-ORD00000045,LAZ-ITEM00000133,LAZ-PROD0048,Champion HyperDry Track Jacket,Activewear,LAZ-SKU0026,3,270,5,0,48.6,2025-06-26 11:06:54
LAZ-ORD00000045,LAZ-ITEM00000134,LAZ-PROD0044,Converse FreshFoam Sneakers,Shoes,LAZ-SKU0096,2,320,7,0,38.4,2025-07-02 01:00:34
LAZ-ORD00000046,LAZ-ITEM00000135,LAZ-PROD0015,Calvin Klein UtilityStyle Parka,Outerwear,LAZ-SKU0091,2,80,8,0,9.6,2025-07-30 03:49:17
LAZ-ORD00000046,LAZ-ITEM00000136,LAZ-PROD0049,Ann Taylor ClassicCut Shift Dress,Dresses,LAZ-SKU0063,3,200,0,0,36.0,2025-06-22 11:02:16
LAZ-ORD00000046,LAZ-ITEM00000137,LAZ-PROD0050,Levi's TaperedFit Jeans,Bottoms,LAZ-SKU0014,2,160,5,0,19.2,2025-06-13 16:34:18
LAZ-ORD00000047,LAZ-ITEM00000138,LAZ-PROD0069,Tommy Hilfiger StormProof Hoodie,Outerwear,LAZ-SKU0062,1,50,0,12,3.0,2025-07-28 00:57:50
LAZ-ORD00000047,LAZ-ITEM00000139,LAZ-PROD0066,Ralph Lauren Contemporary Maxi Dress,Dresses,LAZ-SKU0068,1,230,8,0,13.8,2025-08-15 00:10:45
LAZ-ORD00000048,LAZ-ITEM00000140,LAZ-PROD0061,Under Armour MotionWeave Track Jacket,Activewear,LAZ-SKU0057,3,100,8,0,18.0,2025-05-19 18:35:39
LAZ-ORD00000049,LAZ-ITEM00000141,LAZ-PROD0056,Nike Breathable Yoga Pants,Activewear,LAZ-SKU0079,3,230,1,0,41.4,2025-05-22 15:54:12
LAZ-ORD00000049,LAZ-ITEM00000142,LAZ-PROD0031,Dockers MotionFlex Shorts,Bottoms,LAZ-SKU0012,1,180,3,0,10.8,2025-05-17 19:40:16
LAZ-ORD00000050,LAZ-ITEM00000143,LAZ-PROD0066,Ralph Lauren Contemporary Maxi Dress,Dresses,LAZ-SKU0068,3,230,2,0,41.4,2025-03-29 17:47:54
LAZ-ORD00000051,LAZ-ITEM00000144,LAZ-PROD0018,Puma MaxSpeed Sports Bra,Activewear,LAZ-SKU0078,1,290,6,0,17.4,2025-04-16 20:16:26
LAZ-ORD00000052,LAZ-ITEM00000145,LAZ-PROD0042,Lee CoreFlex Jeans,Bottoms,LAZ-SKU0035,2,200,1,0,24.0,2025-02-16 01:04:52
LAZ-ORD00000053,LAZ-ITEM00000146,LAZ-PROD0044,Converse FreshFoam Sneakers,Shoes,LAZ-SKU0096,1,320,1,0,19.2,2025-08-09 23:39:43
LAZ-ORD00000053,LAZ-ITEM00000147,LAZ-PROD0073,Gap CoreFlex Trousers,Bottoms,LAZ-SKU0059,2,110,3,0,13.2,2025-05-31 08:58:02
LAZ-ORD00000053,LAZ-ITEM00000148,LAZ-PROD0055,Wrangler EnduraFit Cargo Pants,Bottoms,LAZ-SKU0009,3,120,0,0,21.6,2025-05-21 21:48:18
LAZ-ORD00000053,LAZ-ITEM00000149,LAZ-PROD0004,Adidas Ribbed T-Shirt,Tops,LAZ-SKU0046,2,230,2,0,27.6,2025-07-26 00:42:53
LAZ-ORD00000053,LAZ-ITEM00000150,LAZ-PROD0060,Marmot Padded Jacket,Outerwear,LAZ-SKU0090,1,160,9,0,9.6,2025-08-12 16:59:16
LAZ-ORD00000054,LAZ-ITEM00000151,LAZ-PROD0012,Columbia StormProof Coat,Outerwear,LAZ-SKU0031,3,270,6,0,48.6,2025-08-02 01:56:25
LAZ-ORD00000054,LAZ-ITEM00000152,LAZ-PROD0031,Dockers MotionFlex Shorts,Bottoms,LAZ-SKU0012,3,180,7,0,32.4,2025-08-14 06:55:25
LAZ-ORD00000055,LAZ-ITEM00000153,LAZ-PROD0046,Under Armour HyperDry Yoga Pants,Activewear,LAZ-SKU0020,1,150,2,0,9.0,2025-08-10 12:13:09
LAZ-ORD00000055,LAZ-ITEM00000154,LAZ-PROD0068,Levi's ProStretch Jeans,Bottoms,LAZ-SKU0069,2,210,2,0,25.2,2025-08-13 06:38:07
LAZ-ORD00000055,LAZ-ITEM00000155,LAZ-PROD0025,Lee ProStretch Skirt,Bottoms,LAZ-SKU0070,2,270,6,0,32.4,2025-07-13 13:19:15
LAZ-ORD00000055,LAZ-ITEM00000156,LAZ-PROD0077,Under Armour QuickDry Polo Shirt,Tops,LAZ-SKU0076,1,150,5,0,9.0,2025-07-18 07:38:12
LAZ-ORD00000056,LAZ-ITEM00000157,LAZ-PROD0059,Dockers High-Rise Shorts,Bottoms,LAZ-SKU0037,3,210,9,0,37.8,2025-03-09 22:47:37
LAZ-ORD00000057,LAZ-ITEM00000158,LAZ-PROD0005,Gap High-Rise Chinos,Bottoms,LAZ-SKU0045,2,310,7,0,37.2,2025-05-25 15:48:41
LAZ-ORD00000057,LAZ-ITEM00000159,LAZ-PROD0023,Timberland GripLock Sandals,Shoes,LAZ-SKU0027,2,220,8,0,26.4,2025-05-04 10:18:33
LAZ-ORD00000057,LAZ-ITEM00000160,LAZ-PROD0009,Timberland SpeedTech Boots,Shoes,LAZ-SKU0011,2,290,3,0,34.8,2025-05-20 06:09:00
LAZ-ORD00000058,LAZ-ITEM00000161,LAZ-PROD0054,Vans SmoothMotion Slip-Ons,Shoes,LAZ-SKU0039,3,100,7,0,18.0,2025-06-29 16:41:52
LAZ-ORD00000059,LAZ-ITEM00000162,LAZ-PROD0064,Puma RapidDry Running Shorts,Activewear,LAZ-SKU0044,1,140,8,0,8.4,2025-08-29 14:40:19
LAZ-ORD00000060,LAZ-ITEM00000163,LAZ-PROD0013,Puma QuickDry Tank Top,Tops,LAZ-SKU0074,1,240,3,0,14.4,2025-07-27 20:49:56
LAZ-ORD00000060,LAZ-ITEM00000164,LAZ-PROD0067,Lululemon Breathable Running Shorts,Activewear,LAZ-SKU0047,1,80,7,0,4.8,2025-07-18 14:53:56
LAZ-ORD00000060,LAZ-ITEM00000165,LAZ-PROD0039,Adidas AeroCool Yoga Pants,Activewear,LAZ-SKU0036,1,220,7,0,13.2,2025-08-02 00:47:44
LAZ-ORD00000061,LAZ-ITEM00000166,LAZ-PROD0078,Patagonia UtilityStyle Cardigan,Outerwear,LAZ-SKU0033,2,310,0,0,37.2,2025-07-22 05:41:17
LAZ-ORD00000061,LAZ-ITEM00000167,LAZ-PROD0001,The North Face UtilityStyle Cardigan,Outerwear,LAZ-SKU0084,1,260,0,0,15.6,2025-07-23 22:32:44
LAZ-ORD00000061,LAZ-ITEM00000168,LAZ-PROD0025,Lee ProStretch Skirt,Bottoms,LAZ-SKU0070,2,270,6,0,32.4,2025-07-23 18:00:20
LAZ-ORD00000061,LAZ-ITEM00000169,LAZ-PROD0033,Champion PowerMesh Leggings,Activewear,LAZ-SKU0086,1,160,9,0,9.6,2025-07-20 05:19:21
LAZ-ORD00000061,LAZ-ITEM00000170,LAZ-PROD0036,Ann Taylor ClassicCut Mini Dress,Dresses,LAZ-SKU0006,2,100,8,0,12.0,2025-07-27 06:56:33
LAZ-ORD00000062,LAZ-ITEM00000171,LAZ-PROD0001,The North Face UtilityStyle Cardigan,Outerwear,LAZ-SKU0084,1,260,0,0,15.6,2025-07-28 16:00:29
LAZ-ORD00000062,LAZ-ITEM00000172,LAZ-PROD0011,Lululemon RapidDry Athletic Tee,Activewear,LAZ-SKU0019,2,310,4,0,37.2,2025-07-22 16:10:44
LAZ-ORD00000063,LAZ-ITEM00000173,LAZ-PROD0005,Gap High-Rise Chinos,Bottoms,LAZ-SKU0045,1,310,9,0,18.6,2025-05-11 11:50:11
LAZ-ORD00000063,LAZ-ITEM00000174,LAZ-PROD0038,Nike FreshFoam Sandals,Shoes,LAZ-SKU0066,1,260,2,0,15.6,2025-05-14 00:53:04
LAZ-ORD00000063,LAZ-ITEM00000175,LAZ-PROD0007,Banana Republic Pleated Shift Dress,Dresses,LAZ-SKU0023,3,90,6,0,16.2,2025-04-16 19:30:31
LAZ-ORD00000063,LAZ-ITEM00000176,LAZ-PROD0048,Champion HyperDry Track Jacket,Activewear,LAZ-SKU0026,3,270,0,0,48.6,2025-05-13 11:36:24
LAZ-ORD00000063,LAZ-ITEM00000177,LAZ-PROD0075,Calvin Klein Quilted Hoodie,Outerwear,LAZ-SKU0099,1,280,0,0,16.8,2025-05-19 19:36:06
LAZ-ORD00000064,LAZ-ITEM00000178,LAZ-PROD0044,Converse FreshFoam Sneakers,Shoes,LAZ-SKU0096,1,320,8,0,19.2,2025-07-28 05:11:57
LAZ-ORD00000064,LAZ-ITEM00000179,LAZ-PROD0007,Banana Republic Pleated Shift Dress,Dresses,LAZ-SKU0023,2,90,4,0,10.8,2025-08-02 11:40:27
LAZ-ORD00000065,LAZ-ITEM00000180,LAZ-PROD0072,American Eagle ProStretch Cargo Pants,Bottoms,LAZ-SKU0042,1,270,6,0,16.2,2025-06-15 05:27:40
LAZ-ORD00000065,LAZ-ITEM00000181,LAZ-PROD0073,Gap CoreFlex Trousers,Bottoms,LAZ-SKU0059,2,110,9,0,13.2,2025-06-10 04:43:55
LAZ-ORD00000065,LAZ-ITEM00000182,LAZ-PROD0078,Patagonia UtilityStyle Cardigan,Outerwear,LAZ-SKU0033,1,310,4,0,18.6,2025-06-10 20:21:01
LAZ-ORD00000065,LAZ-ITEM00000183,LAZ-PROD0019,New Balance AirMax Running Shoes,Shoes,LAZ-SKU0013,1,80,7,0,4.8,2025-06-15 15:37:49
LAZ-ORD00000066,LAZ-ITEM00000184,LAZ-PROD0073,Gap CoreFlex Trousers,Bottoms,LAZ-SKU0059,2,110,0,0,13.2,2025-06-29 22:21:58
LAZ-ORD00000067,LAZ-ITEM00000185,LAZ-PROD0047,Dockers High-Rise Trousers,Bottoms,LAZ-SKU0082,2,140,5,0,16.8,2024-12-19 15:22:12
LAZ-ORD00000067,LAZ-ITEM00000186,LAZ-PROD0027,Nike RapidDry Track Jacket,Activewear,LAZ-SKU0041,2,100,7,0,12.0,2024-12-27 16:19:36
LAZ-ORD00000067,LAZ-ITEM00000187,LAZ-PROD0066,Ralph Lauren Contemporary Maxi Dress,Dresses,LAZ-SKU0068,3,230,5,0,41.4,2024-12-21 06:24:55
LAZ-ORD00000067,LAZ-ITEM00000188,LAZ-PROD0017,Champion BounceFlex Sports Bra,Activewear,LAZ-SKU0077,3,120,2,0,21.6,2025-01-26 23:38:08
LAZ-ORD00000068,LAZ-ITEM00000189,LAZ-PROD0032,The North Face UtilityStyle Hoodie,Outerwear,LAZ-SKU0048,3,290,0,0,52.2,2025-04-27 10:49:43
LAZ-ORD00000068,LAZ-ITEM00000190,LAZ-PROD0051,Tommy Hilfiger Ribbed Blouse,Tops,LAZ-SKU0025,3,230,0,0,41.4,2025-05-13 06:29:45
LAZ-ORD00000068,LAZ-ITEM00000191,LAZ-PROD0001,The North Face UtilityStyle Cardigan,Outerwear,LAZ-SKU0084,2,260,7,0,31.2,2025-04-13 09:28:15
LAZ-ORD00000068,LAZ-ITEM00000192,LAZ-PROD0005,Gap High-Rise Chinos,Bottoms,LAZ-SKU0045,1,310,3,0,18.6,2025-07-01 04:49:51
LAZ-ORD00000068,LAZ-ITEM00000193,LAZ-PROD0039,Adidas AeroCool Yoga Pants,Activewear,LAZ-SKU0036,1,220,4,0,13.2,2025-07-09 08:30:01
LAZ-ORD00000069,LAZ-ITEM00000194,LAZ-PROD0031,Dockers MotionFlex Shorts,Bottoms,LAZ-SKU0012,1,180,2,0,10.8,2025-08-26 06:27:13
LAZ-ORD00000069,LAZ-ITEM00000195,LAZ-PROD0035,Banana Republic Ruched Shift Dress,Dresses,LAZ-SKU0094,3,270,4,0,48.6,2025-08-24 18:21:55
LAZ-ORD00000070,LAZ-ITEM00000196,LAZ-PROD0036,Ann Taylor ClassicCut Mini Dress,Dresses,LAZ-SKU0006,1,100,9,0,6.0,2024-11-29 03:37:48
LAZ-ORD00000070,LAZ-ITEM00000197,LAZ-PROD0018,Puma MaxSpeed Sports Bra,Activewear,LAZ-SKU0078,3,290,8,0,52.2,2024-10-09 22:22:33
LAZ-ORD00000070,LAZ-ITEM00000198,LAZ-PROD0043,Skechers LightMotion Sneakers,Shoes,LAZ-SKU0008,2,160,9,0,19.2,2024-11-17 13:01:14
LAZ-ORD00000070,LAZ-ITEM00000199,LAZ-PROD0058,Nike AirMax Sneakers,Shoes,LAZ-SKU0065,1,270,8,0,16.2,2024-11-28 12:55:45
LAZ-ORD00000070,LAZ-ITEM00000200,LAZ-PROD0049,Ann Taylor ClassicCut Shift Dress,Dresses,LAZ-SKU0063,1,200,1,0,12.0,2025-02-17 20:54:58
LAZ-ORD00000071,LAZ-ITEM00000201,LAZ-PROD0052,Skechers MaxSpeed Running Shoes,Shoes,LAZ-SKU0004,3,230,6,0,41.4,2025-08-08 09:16:31
LAZ-ORD00000071,LAZ-ITEM00000202,LAZ-PROD0068,Levi's ProStretch Jeans,Bottoms,LAZ-SKU0069,3,210,7,0,37.8,2025-08-18 14:05:59
LAZ-ORD00000071,LAZ-ITEM00000203,LAZ-PROD0054,Vans SmoothMotion Slip-Ons,Shoes,LAZ-SKU0039,1,100,0,0,6.0,2025-08-22 09:20:13
LAZ-ORD00000071,LAZ-ITEM00000204,LAZ-PROD0011,Lululemon RapidDry Athletic Tee,Activewear,LAZ-SKU0019,1,310,4,0,18.6,2025-08-12 13:04:20
LAZ-ORD00000072,LAZ-ITEM00000205,LAZ-PROD0052,Skechers MaxSpeed Running Shoes,Shoes,LAZ-SKU0004,1,230,7,0,13.8,2025-04-11 08:36:32
LAZ-ORD00000073,LAZ-ITEM00000206,LAZ-PROD0045,Nike BounceFlex Leggings,Activewear,LAZ-SKU0028,1,120,6,0,7.2,2025-08-22 12:40:49
LAZ-ORD00000073,LAZ-ITEM00000207,LAZ-PROD0036,Ann Taylor ClassicCut Mini Dress,Dresses,LAZ-SKU0006,3,100,8,0,18.0,2025-08-11 12:13:44
LAZ-ORD00000073,LAZ-ITEM00000208,LAZ-PROD0029,Vans LightMotion Running Shoes,Shoes,LAZ-SKU0010,1,180,9,0,10.8,2025-08-12 06:21:50
LAZ-ORD00000073,LAZ-ITEM00000209,LAZ-PROD0056,Nike Breathable Yoga Pants,Activewear,LAZ-SKU0079,2,230,6,0,27.6,2025-08-24 23:11:34
LAZ-ORD00000073,LAZ-ITEM00000210,LAZ-PROD0044,Converse FreshFoam Sneakers,Shoes,LAZ-SKU0096,1,320,5,0,19.2,2025-08-25 01:11:05
LAZ-ORD00000074,LAZ-ITEM00000211,LAZ-PROD0049,Ann Taylor ClassicCut Shift Dress,Dresses,LAZ-SKU0063,1,200,4,0,12.0,2025-06-16 01:27:48
LAZ-ORD00000074,LAZ-ITEM00000212,LAZ-PROD0051,Tommy Hilfiger Ribbed Blouse,Tops,LAZ-SKU0025,3,230,6,0,41.4,2025-06-02 08:44:16
LAZ-ORD00000074,LAZ-ITEM00000213,LAZ-PROD0048,Champion HyperDry Track Jacket,Activewear,LAZ-SKU0026,3,270,0,0,48.6,2025-06-30 02:10:23
LAZ-ORD00000074,LAZ-ITEM00000214,LAZ-PROD0071,New Balance SmoothMotion Slip-Ons,Shoes,LAZ-SKU0080,1,260,4,0,15.6,2025-01-01 03:18:33
LAZ-ORD00000074,LAZ-ITEM00000215,LAZ-PROD0003,Converse SmoothMotion Slip-Ons,Shoes,LAZ-SKU0071,3,150,1,0,27.0,2025-03-30 10:04:58
LAZ-ORD00000075,LAZ-ITEM00000216,LAZ-PROD0077,Under Armour QuickDry Polo Shirt,Tops,LAZ-SKU0076,3,150,0,0,27.0,2025-08-22 09:54:53
LAZ-ORD00000075,LAZ-ITEM00000217,LAZ-PROD0027,Nike RapidDry Track Jacket,Activewear,LAZ-SKU0041,3,100,4,0,18.0,2025-08-23 01:33:46
LAZ-ORD00000075,LAZ-ITEM00000218,LAZ-PROD0070,New Balance FreshFoam Sneakers,Shoes,LAZ-SKU0098,3,270,0,0,48.6,2025-08-22 13:55:16
LAZ-ORD00000075,LAZ-ITEM00000219,LAZ-PROD0001,The North Face UtilityStyle Cardigan,Outerwear,LAZ-SKU0084,3,260,9,0,46.8,2025-08-23 05:18:56
LAZ-ORD00000076,LAZ-ITEM00000220,LAZ-PROD0045,Nike BounceFlex Leggings,Activewear,LAZ-SKU0028,1,120,0,0,7.2,2025-07-21 18:58:58
LAZ-ORD00000076,LAZ-ITEM00000221,LAZ-PROD0046,Under Armour HyperDry Yoga Pants,Activewear,LAZ-SKU0020,3,150,2,0,27.0,2025-07-27 10:52:55
LAZ-ORD00000076,LAZ-ITEM00000222,LAZ-PROD0078,Patagonia UtilityStyle Cardigan,Outerwear,LAZ-SKU0033,3,310,3,0,55.8,2025-08-23 16:29:34
LAZ-ORD00000077,LAZ-ITEM00000223,LAZ-PROD0004,Adidas Ribbed T-Shirt,Tops,LAZ-SKU0046,2,230,0,0,27.6,2025-06-08 08:20:37
LAZ-ORD00000077,LAZ-ITEM00000224,LAZ-PROD0010,Adidas AirMax Sandals,Shoes,LAZ-SKU0001,2,130,3,0,15.6,2025-06-01 11:18:22
LAZ-ORD00000078,LAZ-ITEM00000225,LAZ-PROD0011,Lululemon RapidDry Athletic Tee,Activewear,LAZ-SKU0019,2,310,4,0,37.2,2025-07-02 11:49:35
LAZ-ORD00000078,LAZ-ITEM00000226,LAZ-PROD0069,Tommy Hilfiger StormProof Hoodie,Outerwear,LAZ-SKU0062,2,50,0,11,6.0,2025-07-07 15:39:25
LAZ-ORD00000078,LAZ-ITEM00000227,LAZ-PROD0068,Levi's ProStretch Jeans,Bottoms,LAZ-SKU0069,1,210,9,0,12.6,2025-07-14 12:44:12
LAZ-ORD00000079,LAZ-ITEM00000228,LAZ-PROD0012,Columbia StormProof Coat,Outerwear,LAZ-SKU0031,3,270,0,0,48.6,2025-06-14 08:12:45
LAZ-ORD00000079,LAZ-ITEM00000229,LAZ-PROD0053,Nike SpeedForm Boots,Shoes,LAZ-SKU0018,3,200,7,0,36.0,2025-05-18 02:22:32
LAZ-ORD00000079,LAZ-ITEM00000230,LAZ-PROD0001,The North Face UtilityStyle Cardigan,Outerwear,LAZ-SKU0084,1,260,9,0,15.6,2025-06-01 17:09:57
LAZ-ORD00000079,LAZ-ITEM00000231,LAZ-PROD0070,New Balance FreshFoam Sneakers,Shoes,LAZ-SKU0098,1,270,2,0,16.2,2025-05-02 03:37:45
LAZ-ORD00000080,LAZ-ITEM00000232,LAZ-PROD0039,Adidas AeroCool Yoga Pants,Activewear,LAZ-SKU0036,3,220,1,0,39.6,2025-04-18 00:30:42
LAZ-ORD00000080,LAZ-ITEM00000233,LAZ-PROD0010,Adidas AirMax Sandals,Shoes,LAZ-SKU0001,2,130,8,0,15.6,2025-04-10 00:43:51
LAZ-ORD00000081,LAZ-ITEM00000234,LAZ-PROD0048,Champion HyperDry Track Jacket,Activewear,LAZ-SKU0026,1,270,9,0,16.2,2025-05-28 04:44:49
LAZ-ORD00000081,LAZ-ITEM00000235,LAZ-PROD0019,New Balance AirMax Running Shoes,Shoes,LAZ-SKU0013,1,80,0,0,4.8,2025-05-28 02:02:30
LAZ-ORD00000081,LAZ-ITEM00000236,LAZ-PROD0003,Converse SmoothMotion Slip-Ons,Shoes,LAZ-SKU0071,2,150,1,0,18.0,2025-05-28 00:51:21
LAZ-ORD00000082,LAZ-ITEM00000237,LAZ-PROD0032,The North Face UtilityStyle Hoodie,Outerwear,LAZ-SKU0048,2,290,5,0,34.8,2025-07-25 19:25:49
LAZ-ORD00000082,LAZ-ITEM00000238,LAZ-PROD0060,Marmot Padded Jacket,Outerwear,LAZ-SKU0090,3,160,7,0,28.8,2025-07-24 12:18:49
LAZ-ORD00000083,LAZ-ITEM00000239,LAZ-PROD0024,Champion Seamless Track Jacket,Activewear,LAZ-SKU0043,3,100,9,0,18.0,2025-07-12 05:28:29
LAZ-ORD00000083,LAZ-ITEM00000240,LAZ-PROD0008,New Balance GripLock Sandals,Shoes,LAZ-SKU0081,3,170,6,0,30.6,2025-02-23 11:02:19
LAZ-ORD00000083,LAZ-ITEM00000241,LAZ-PROD0078,Patagonia UtilityStyle Cardigan,Outerwear,LAZ-SKU0033,3,310,9,0,55.8,2025-02-07 16:47:44
LAZ-ORD00000084,LAZ-ITEM00000242,LAZ-PROD0077,Under Armour QuickDry Polo Shirt,Tops,LAZ-SKU0076,2,150,8,0,18.0,2025-06-17 01:46:24
LAZ-ORD00000084,LAZ-ITEM00000243,LAZ-PROD0019,New Balance AirMax Running Shoes,Shoes,LAZ-SKU0013,3,80,4,0,14.4,2025-06-06 10:08:14
LAZ-ORD00000084,LAZ-ITEM00000244,LAZ-PROD0006,Reebok TrueShape T-Shirt,Tops,LAZ-SKU0040,1,110,6,0,6.6,2025-05-30 10:28:23
LAZ-ORD00000084,LAZ-ITEM00000245,LAZ-PROD0003,Converse SmoothMotion Slip-Ons,Shoes,LAZ-SKU0071,1,150,2,0,9.0,2025-05-08 15:20:35
LAZ-ORD00000084,LAZ-ITEM00000246,LAZ-PROD0012,Columbia StormProof Coat,Outerwear,LAZ-SKU0031,2,270,9,0,32.4,2025-05-14 23:52:50
LAZ-ORD00000085,LAZ-ITEM00000247,LAZ-PROD0070,New Balance FreshFoam Sneakers,Shoes,LAZ-SKU0098,3,270,8,0,48.6,2025-08-20 18:59:50
LAZ-ORD00000086,LAZ-ITEM00000248,LAZ-PROD0004,Adidas Ribbed T-Shirt,Tops,LAZ-SKU0046,2,230,9,0,27.6,2025-06-16 01:05:31
LAZ-ORD00000086,LAZ-ITEM00000249,LAZ-PROD0058,Nike AirMax Sneakers,Shoes,LAZ-SKU0065,2,270,1,0,32.4,2025-06-13 15:21:44
LAZ-ORD00000087,LAZ-ITEM00000250,LAZ-PROD0025,Lee ProStretch Skirt,Bottoms,LAZ-SKU0070,3,270,6,0,48.6,2025-02-28 16:40:56
LAZ-ORD00000087,LAZ-ITEM00000251,LAZ-PROD0005,Gap High-Rise Chinos,Bottoms,LAZ-SKU0045,2,310,7,0,37.2,2024-11-10 17:10:18
LAZ-ORD00000088,LAZ-ITEM00000252,LAZ-PROD0015,Calvin Klein UtilityStyle Parka,Outerwear,LAZ-SKU0091,3,80,6,0,14.4,2025-07-05 13:03:01
LAZ-ORD00000088,LAZ-ITEM00000253,LAZ-PROD0048,Champion HyperDry Track Jacket,Activewear,LAZ-SKU0026,2,270,7,0,32.4,2025-06-13 06:47:26
LAZ-ORD00000088,LAZ-ITEM00000254,LAZ-PROD0006,Reebok TrueShape T-Shirt,Tops,LAZ-SKU0040,2,110,2,0,13.2,2025-06-26 09:16:05
LAZ-ORD00000089,LAZ-ITEM00000255,LAZ-PROD0062,Old Navy PowerStretch Trousers,Bottoms,LAZ-SKU0100,1,170,1,0,10.2,2025-06-08 20:26:07
LAZ-ORD00000090,LAZ-ITEM00000256,LAZ-PROD0010,Adidas AirMax Sandals,Shoes,LAZ-SKU0001,2,130,4,0,15.6,2025-06-20 23:28:33
LAZ-ORD00000090,LAZ-ITEM00000257,LAZ-PROD0006,Reebok TrueShape T-Shirt,Tops,LAZ-SKU0040,1,110,3,0,6.6,2025-06-17 06:04:25
LAZ-ORD00000090,LAZ-ITEM00000258,LAZ-PROD0033,Champion PowerMesh Leggings,Activewear,LAZ-SKU0086,1,160,1,0,9.6,2025-06-09 06:54:54
LAZ-ORD00000090,LAZ-ITEM00000259,LAZ-PROD0014,Tommy Hilfiger Padded Cardigan,Outerwear,LAZ-SKU0034,2,130,1,0,15.6,2025-06-04 14:17:21
LAZ-ORD00000091,LAZ-ITEM00000260,LAZ-PROD0022,Columbia StormGuard Coat,Outerwear,LAZ-SKU0089,3,80,6,0,14.4,2025-07-29 23:03:47
LAZ-ORD00000091,LAZ-ITEM00000261,LAZ-PROD0012,Columbia StormProof Coat,Outerwear,LAZ-SKU0031,2,270,5,0,32.4,2025-07-29 17:37:19
LAZ-ORD00000092,LAZ-ITEM00000262,LAZ-PROD0016,Under Armour Cropped Tank Top,Tops,LAZ-SKU0005,3,200,0,0,36.0,2025-03-21 21:15:53
LAZ-ORD00000092,LAZ-ITEM00000263,LAZ-PROD0049,Ann Taylor ClassicCut Shift Dress,Dresses,LAZ-SKU0063,3,200,1,0,36.0,2025-02-22 02:33:42
LAZ-ORD00000092,LAZ-ITEM00000264,LAZ-PROD0033,Champion PowerMesh Leggings,Activewear,LAZ-SKU0086,2,160,7,0,19.2,2024-12-06 08:10:26
LAZ-ORD00000092,LAZ-ITEM00000265,LAZ-PROD0008,New Balance GripLock Sandals,Shoes,LAZ-SKU0081,3,170,5,0,30.6,2025-02-17 21:21:38
LAZ-ORD00000093,LAZ-ITEM00000266,LAZ-PROD0032,The North Face UtilityStyle Hoodie,Outerwear,LAZ-SKU0048,1,290,0,0,17.4,2025-08-20 09:46:28
LAZ-ORD00000094,LAZ-ITEM00000267,LAZ-PROD0019,New Balance AirMax Running Shoes,Shoes,LAZ-SKU0013,3,80,6,0,14.4,2025-03-10 16:09:50
LAZ-ORD00000094,LAZ-ITEM00000268,LAZ-PROD0042,Lee CoreFlex Jeans,Bottoms,LAZ-SKU0035,1,200,1,0,12.0,2025-03-09 18:18:25
LAZ-ORD00000095,LAZ-ITEM00000269,LAZ-PROD0004,Adidas Ribbed T-Shirt,Tops,LAZ-SKU0046,3,230,3,0,41.4,2025-05-20 13:03:36
LAZ-ORD00000095,LAZ-ITEM00000270,LAZ-PROD0001,The North Face UtilityStyle Cardigan,Outerwear,LAZ-SKU0084,3,260,2,0,46.8,2025-04-08 12:17:27
LAZ-ORD00000095,LAZ-ITEM00000271,LAZ-PROD0067,Lululemon Breathable Running Shorts,Activewear,LAZ-SKU0047,1,80,7,0,4.8,2025-04-19 10:19:06
LAZ-ORD00000096,LAZ-ITEM00000272,LAZ-PROD0004,Adidas Ribbed T-Shirt,Tops,LAZ-SKU0046,1,230,7,0,13.8,2025-05-14 09:06:09
LAZ-ORD00000096,LAZ-ITEM00000273,LAZ-PROD0037,New Balance SmoothMotion Sandals,Shoes,LAZ-SKU0067,2,290,3,0,34.8,2025-05-16 08:46:43
LAZ-ORD00000097,LAZ-ITEM00000274,LAZ-PROD0070,New Balance FreshFoam Sneakers,Shoes,LAZ-SKU0098,2,270,7,0,32.4,2025-08-19 20:05:32
LAZ-ORD00000098,LAZ-ITEM00000275,LAZ-PROD0008,New Balance GripLock Sandals,Shoes,LAZ-SKU0081,3,170,4,0,30.6,2025-08-16 19:06:16
LAZ-ORD00000098,LAZ-ITEM00000276,LAZ-PROD0027,Nike RapidDry Track Jacket,Activewear,LAZ-SKU0041,1,100,3,0,6.0,2025-08-16 04:00:46
LAZ-ORD00000099,LAZ-ITEM00000277,LAZ-PROD0022,Columbia StormGuard Coat,Outerwear,LAZ-SKU0089,2,80,0,0,9.6,2025-08-29 14:03:32
LAZ-ORD00000099,LAZ-ITEM00000278,LAZ-PROD0008,New Balance GripLock Sandals,Shoes,LAZ-SKU0081,3,170,3,0,30.6,2025-08-29 00:48:53
LAZ-ORD00000099,LAZ-ITEM00000279,LAZ-PROD0064,Puma RapidDry Running Shorts,Activewear,LAZ-SKU0044,3,140,4,0,25.2,2025-08-29 16:02:18
LAZ-ORD00000099,LAZ-ITEM00000280,LAZ-PROD0072,American Eagle ProStretch Cargo Pants,Bottoms,LAZ-SKU0042,1,270,7,0,16.2,2025-08-29 02:41:06
LAZ-ORD00000099,LAZ-ITEM00000281,LAZ-PROD0061,Under Armour MotionWeave Track Jacket,Activewear,LAZ-SKU0057,1,100,1,0,6.0,2025-08-29 10:55:48
LAZ-ORD00000100,LAZ-ITEM00000282,LAZ-PROD0019,New Balance AirMax Running Shoes,Shoes,LAZ-SKU0013,1,80,7,0,4.8,2025-08-01 02:52:25
LAZ-ORD00000100,LAZ-ITEM00000283,LAZ-PROD0048,Champion HyperDry Track Jacket,Activewear,LAZ-SKU0026,2,270,1,0,32.4,2025-08-01 23:31:03
LAZ-ORD00000101,LAZ-ITEM00000284,LAZ-PROD0052,Skechers MaxSpeed Running Shoes,Shoes,LAZ-SKU0004,1,230,2,0,13.8,2025-01-14 17:39:08
LAZ-ORD00000102,LAZ-ITEM00000285,LAZ-PROD0032,The North Face UtilityStyle Hoodie,Outerwear,LAZ-SKU0048,2,290,9,0,34.8,2025-06-25 01:39:25
LAZ-ORD00000102,LAZ-ITEM00000286,LAZ-PROD0021,Nike Dri-FIT Tank Top,Tops,LAZ-SKU0056,3,170,1,0,30.6,2025-07-16 12:15:25
LAZ-ORD00000102,LAZ-ITEM00000287,LAZ-PROD0070,New Balance FreshFoam Sneakers,Shoes,LAZ-SKU0098,3,270,8,0,48.6,2025-04-07 19:25:44
LAZ-ORD00000103,LAZ-ITEM00000288,LAZ-PROD0008,New Balance GripLock Sandals,Shoes,LAZ-SKU0081,2,170,4,0,20.4,2025-05-05 00:19:01
LAZ-ORD00000103,LAZ-ITEM00000289,LAZ-PROD0010,Adidas AirMax Sandals,Shoes,LAZ-SKU0001,1,130,7,0,7.8,2025-04-30 06:46:14
LAZ-ORD00000104,LAZ-ITEM00000290,LAZ-PROD0052,Skechers MaxSpeed Running Shoes,Shoes,LAZ-SKU0004,2,230,2,0,27.6,2025-07-11 02:11:10
LAZ-ORD00000105,LAZ-ITEM00000291,LAZ-PROD0059,Dockers High-Rise Shorts,Bottoms,LAZ-SKU0037,2,210,3,0,25.2,2025-06-08 03:42:20
LAZ-ORD00000106,LAZ-ITEM00000292,LAZ-PROD0027,Nike RapidDry Track Jacket,Activewear,LAZ-SKU0041,1,100,7,0,6.0,2025-08-10 19:00:53
LAZ-ORD00000106,LAZ-ITEM00000293,LAZ-PROD0040,Levi's MotionFlex Cargo Pants,Bottoms,LAZ-SKU0017,2,60,5,1,7.2,2025-07-26 13:58:14
LAZ-ORD00000107,LAZ-ITEM00000294,LAZ-PROD0067,Lululemon Breathable Running Shorts,Activewear,LAZ-SKU0047,2,80,8,0,9.6,2025-08-16 23:11:22
LAZ-ORD00000107,LAZ-ITEM00000295,LAZ-PROD0022,Columbia StormGuard Coat,Outerwear,LAZ-SKU0089,1,80,2,0,4.8,2025-08-04 21:55:14
LAZ-ORD00000107,LAZ-ITEM00000296,LAZ-PROD0032,The North Face UtilityStyle Hoodie,Outerwear,LAZ-SKU0048,1,290,6,0,17.4,2025-08-17 05:39:19
LAZ-ORD00000108,LAZ-ITEM00000297,LAZ-PROD0012,Columbia StormProof Coat,Outerwear,LAZ-SKU0031,3,270,0,0,48.6,2025-04-12 14:22:41
LAZ-ORD00000109,LAZ-ITEM00000298,LAZ-PROD0074,Lululemon SkinFit Athletic Tee,Activewear,LAZ-SKU0049,2,110,7,0,13.2,2025-07-01 06:58:24
LAZ-ORD00000109,LAZ-ITEM00000299,LAZ-PROD0070,New Balance FreshFoam Sneakers,Shoes,LAZ-SKU0098,2,270,0,0,32.4,2025-07-16 01:02:04
LAZ-ORD00000110,LAZ-ITEM00000300,LAZ-PROD0036,Ann Taylor ClassicCut Mini Dress,Dresses,LAZ-SKU0006,1,100,9,0,6.0,2025-03-28 08:57:02
LAZ-ORD00000110,LAZ-ITEM00000301,LAZ-PROD0069,Tommy Hilfiger StormProof Hoodie,Outerwear,LAZ-SKU0062,2,50,0,5,6.0,2025-04-24 18:26:20
LAZ-ORD00000110,LAZ-ITEM00000302,LAZ-PROD0040,Levi's MotionFlex Cargo Pants,Bottoms,LAZ-SKU0017,2,60,3,14,7.2,2025-03-15 03:56:50
LAZ-ORD00000111,LAZ-ITEM00000303,LAZ-PROD0047,Dockers High-Rise Trousers,Bottoms,LAZ-SKU0082,2,140,9,0,16.8,2025-08-21 00:08:37
LAZ-ORD00000111,LAZ-ITEM00000304,LAZ-PROD0057,Tommy Hilfiger Ribbed T-Shirt,Tops,LAZ-SKU0007,3,110,6,0,19.8,2025-08-22 19:51:35
LAZ-ORD00000111,LAZ-ITEM00000305,LAZ-PROD0001,The North Face UtilityStyle Cardigan,Outerwear,LAZ-SKU0084,3,260,6,0,46.8,2025-08-28 04:48:51
LAZ-ORD00000111,LAZ-ITEM00000306,LAZ-PROD0013,Puma QuickDry Tank Top,Tops,LAZ-SKU0074,2,240,0,0,28.8,2025-08-25 23:37:45
LAZ-ORD00000111,LAZ-ITEM00000307,LAZ-PROD0079,Reebok AirFlow Shirt,Tops,LAZ-SKU0095,1,280,0,0,16.8,2025-08-23 09:25:54
LAZ-ORD00000112,LAZ-ITEM00000308,LAZ-PROD0038,Nike FreshFoam Sandals,Shoes,LAZ-SKU0066,2,260,0,0,31.2,2024-12-02 18:53:45
