ProductID,Size,Color,RemainingStock
FA-0001-00,XS,Cream,54
FA-0001-01,S,Cream,7
FA-0001-02,M,Cream,0
FA-0001-03,L,Cream,50
FA-0001-04,XL,Cream,50
FA-0001-05,XXL,Cream,123
FA-0001-06,XS,Beige,90
FA-0001-07,S,Beige,41
FA-0001-08,M,Beige,81
FA-0001-09,L,Beige,41
FA-0001-10,XL,Beige,41
FA-0001-11,XXL,Beige,69
FA-0002-00,XS,Emerald,0
FA-0002-01,S,Emerald,5
FA-0002-02,M,Emerald,19
FA-0002-03,L,Emerald,72
FA-0002-04,XL,Emerald,4
FA-0002-05,XXL,Emerald,3
FA-0003-00,XS,Maroon,50
FA-0003-01,S,Maroon,62
FA-0003-02,M,Maroon,3
FA-0003-03,L,Maroon,38
FA-0003-04,XL,Maroon,64
FA-0003-05,XXL,Maroon,13
FA-0003-06,XS,Terracotta,75
FA-0003-07,S,Terracotta,35
FA-0003-08,M,Terracotta,6
FA-0003-09,L,Terracotta,10
FA-0003-10,XL,Terracotta,134
FA-0003-11,XXL,Terracotta,59
FA-0003-12,XS,Burgundy,17
FA-0003-13,S,Burgundy,92
FA-0003-14,M,Burgundy,11
FA-0003-15,L,Burgundy,68
FA-0003-16,XL,Burgundy,0
FA-0003-17,XXL,Burgundy,6
FA-0003-18,XS,Charcoal,2
FA-0003-19,S,Charcoal,89
FA-0003-20,M,Charcoal,66
FA-0003-21,L,Charcoal,55
FA-0003-22,XL,Charcoal,47
FA-0003-23,XXL,Charcoal,0
FA-0004-00,XS,Olive,5
FA-0004-01,S,Olive,102
FA-0004-02,M,Olive,5
FA-0004-03,L,Olive,0
FA-0004-04,XL,Olive,72
FA-0004-05,XXL,Olive,44
FA-0004-06,XS,Tan,32
FA-0004-07,S,Tan,84
FA-0004-08,M,Tan,101
FA-0004-09,L,Tan,97
FA-0004-10,XL,Tan,26
FA-0004-11,XXL,Tan,8
FA-0004-12,XS,Mustard,73
FA-0004-13,S,Mustard,99
FA-0004-14,M,Mustard,40
FA-0004-15,L,Mustard,52
FA-0004-16,XL,Mustard,15
FA-0004-17,XXL,Mustard,12
FA-0005-00,24,Teal,114
FA-0005-01,25,Teal,0
FA-0005-02,26,Teal,0
FA-0005-03,27,Teal,74
FA-0005-04,28,Teal,0
FA-0005-05,29,Teal,2
FA-0005-06,30,Teal,121
FA-0005-07,31,Teal,0
FA-0005-08,32,Teal,122
FA-0005-09,33,Teal,0
FA-0005-10,34,Teal,92
FA-0005-11,24,Ivory,63
FA-0005-12,25,Ivory,48
FA-0005-13,26,Ivory,63
FA-0005-14,27,Ivory,0
FA-0005-15,28,Ivory,51
FA-0005-16,29,Ivory,7
FA-0005-17,30,Ivory,119
FA-0005-18,31,Ivory,39
FA-0005-19,32,Ivory,27
FA-0005-20,33,Ivory,39
FA-0005-21,34,Ivory,9
FA-0005-22,24,Coral,73
FA-0005-23,25,Coral,2
FA-0005-24,26,Coral,80
FA-0005-25,27,Coral,63
FA-0005-26,28,Coral,98
FA-0005-27,29,Coral,0
FA-0005-28,30,Coral,46
FA-0005-29,31,Coral,44
FA-0005-30,32,Coral,1
FA-0005-31,33,Coral,71
FA-0005-32,34,Coral,70
FA-0006-00,XS,Lavender,6
FA-0006-01,S,Lavender,0
FA-0006-02,M,Lavender,43
FA-0006-03,L,Lavender,46
FA-0006-04,XL,Lavender,3
FA-0006-05,XXL,Lavender,0
FA-0007-00,24,Lavender,0
FA-0007-01,25,Lavender,66
FA-0007-02,26,Lavender,70
FA-0007-03,27,Lavender,57
FA-0007-04,28,Lavender,0
FA-0007-05,29,Lavender,58
FA-0007-06,30,Lavender,62
FA-0007-07,31,Lavender,10
FA-0007-08,32,Lavender,52
FA-0007-09,33,Lavender,0
FA-0007-10,34,Lavender,58
FA-0007-11,24,Lilac,13
FA-0007-12,25,Lilac,105
FA-0007-13,26,Lilac,90
FA-0007-14,27,Lilac,91
FA-0007-15,28,Lilac,23
FA-0007-16,29,Lilac,0
FA-0007-17,30,Lilac,3
FA-0007-18,31,Lilac,83
FA-0007-19,32,Lilac,2
FA-0007-20,33,Lilac,20
FA-0007-21,34,Lilac,37
FA-0008-00,24,Brown,0
FA-0008-01,25,Brown,0
FA-0008-02,26,Brown,0
FA-0008-03,27,Brown,17
FA-0008-04,28,Brown,78
FA-0008-05,29,Brown,23
FA-0008-06,30,Brown,3
FA-0008-07,31,Brown,28
FA-0008-08,32,Brown,47
FA-0008-09,33,Brown,92
FA-0008-10,34,Brown,10
FA-0008-11,24,Ivory,69
FA-0008-12,25,Ivory,112
FA-0008-13,26,Ivory,0
FA-0008-14,27,Ivory,67
FA-0008-15,28,Ivory,70
FA-0008-16,29,Ivory,91
FA-0008-17,30,Ivory,10
FA-0008-18,31,Ivory,6
FA-0008-19,32,Ivory,80
FA-0008-20,33,Ivory,71
FA-0008-21,34,Ivory,70
FA-0008-22,24,Rose,73
FA-0008-23,25,Rose,0
FA-0008-24,26,Rose,69
FA-0008-25,27,Rose,71
FA-0008-26,28,Rose,31
FA-0008-27,29,Rose,134
FA-0008-28,30,Rose,78
FA-0008-29,31,Rose,0
FA-0008-30,32,Rose,86
FA-0008-31,33,Rose,21
FA-0008-32,34,Rose,91
FA-0008-33,24,Sand,0
FA-0008-34,25,Sand,27
FA-0008-35,26,Sand,98
FA-0008-36,27,Sand,0
FA-0008-37,28,Sand,92
FA-0008-38,29,Sand,135
FA-0008-39,30,Sand,10
FA-0008-40,31,Sand,7
FA-0008-41,32,Sand,0
FA-0008-42,33,Sand,27
FA-0008-43,34,Sand,56
FA-0009-00,XS,Pearl,71
FA-0009-01,S,Pearl,93
FA-0009-02,M,Pearl,60
FA-0009-03,L,Pearl,118
FA-0009-04,XL,Pearl,49
FA-0009-05,XXL,Pearl,168
FA-0010-00,XS,Forest Green,0
FA-0010-01,S,Forest Green,17
FA-0010-02,M,Forest Green,79
FA-0010-03,L,Forest Green,51
FA-0010-04,XL,Forest Green,88
FA-0010-05,XXL,Forest Green,78
FA-0010-06,XS,Blush,9
FA-0010-07,S,Blush,26
FA-0010-08,M,Blush,0
FA-0010-09,L,Blush,42
FA-0010-10,XL,Blush,94
FA-0010-11,XXL,Blush,0
FA-0010-12,XS,Terracotta,10
FA-0010-13,S,Terracotta,66
FA-0010-14,M,Terracotta,75
FA-0010-15,L,Terracotta,24
FA-0010-16,XL,Terracotta,66
FA-0010-17,XXL,Terracotta,62
FA-0011-00,XS,Rust,74
FA-0011-01,S,Rust,82
FA-0011-02,M,Rust,103
FA-0011-03,L,Rust,102
FA-0011-04,XL,Rust,4
FA-0011-05,XXL,Rust,22
FA-0011-06,XS,Pearl,80
FA-0011-07,S,Pearl,80
FA-0011-08,M,Pearl,80
FA-0011-09,L,Pearl,214
FA-0011-10,XL,Pearl,82
FA-0011-11,XXL,Pearl,105
FA-0012-00,XS,Denim Blue,86
FA-0012-01,S,Denim Blue,47
FA-0012-02,M,Denim Blue,90
FA-0012-03,L,Denim Blue,29
FA-0012-04,XL,Denim Blue,0
FA-0013-00,XS,White,63
FA-0013-01,S,White,10
FA-0013-02,M,White,6
FA-0013-03,L,White,87
FA-0013-04,XL,White,0
FA-0013-05,XXL,White,41
FA-0013-06,XS,Gray,103
FA-0013-07,S,Gray,62
FA-0013-08,M,Gray,16
FA-0013-09,L,Gray,31
FA-0013-10,XL,Gray,87
FA-0013-11,XXL,Gray,30
FA-0013-12,XS,Terracotta,68
FA-0013-13,S,Terracotta,61
FA-0013-14,M,Terracotta,33
FA-0013-15,L,Terracotta,145
FA-0013-16,XL,Terracotta,85
FA-0013-17,XXL,Terracotta,0
FA-0013-18,XS,Mustard,67
FA-0013-19,S,Mustard,33
FA-0013-20,M,Mustard,94
FA-0013-21,L,Mustard,6
FA-0013-22,XL,Mustard,1
FA-0013-23,XXL,Mustard,80
FA-0014-00,XS,Beige,11
FA-0014-01,S,Beige,46
FA-0014-02,M,Beige,41
FA-0014-03,L,Beige,33
FA-0014-04,XL,Beige,130
FA-0014-05,XXL,Beige,1
FA-0014-06,XS,Cobalt,9
FA-0014-07,S,Cobalt,96
FA-0014-08,M,Cobalt,144
FA-0014-09,L,Cobalt,101
FA-0014-10,XL,Cobalt,0
FA-0014-11,XXL,Cobalt,40
FA-0015-00,XS,Sky Blue,7
FA-0015-01,S,Sky Blue,6
FA-0015-02,M,Sky Blue,90
FA-0015-03,L,Sky Blue,22
FA-0015-04,XL,Sky Blue,57
FA-0015-05,XXL,Sky Blue,0
FA-0015-06,XS,Burgundy,19
FA-0015-07,S,Burgundy,49
FA-0015-08,M,Burgundy,10
FA-0015-09,L,Burgundy,8
FA-0015-10,XL,Burgundy,2
FA-0015-11,XXL,Burgundy,42
FA-0015-12,XS,Navy,0
FA-0015-13,S,Navy,117
FA-0015-14,M,Navy,2
FA-0015-15,L,Navy,106
FA-0015-16,XL,Navy,60
FA-0015-17,XXL,Navy,0
FA-0015-18,XS,Coral,7
FA-0015-19,S,Coral,67
FA-0015-20,M,Coral,35
FA-0015-21,L,Coral,62
FA-0015-22,XL,Coral,44
FA-0015-23,XXL,Coral,64
FA-0016-00,24,Mustard,123
FA-0016-01,25,Mustard,10
FA-0016-02,26,Mustard,145
FA-0016-03,27,Mustard,0
FA-0016-04,28,Mustard,53
FA-0016-05,29,Mustard,83
FA-0016-06,30,Mustard,71
FA-0016-07,31,Mustard,35
FA-0016-08,32,Mustard,51
FA-0016-09,33,Mustard,40
FA-0016-10,34,Mustard,0
FA-0016-11,24,Emerald,93
FA-0016-12,25,Emerald,74
FA-0016-13,26,Emerald,32
FA-0016-14,27,Emerald,95
FA-0016-15,28,Emerald,72
FA-0016-16,29,Emerald,92
FA-0016-17,30,Emerald,8
FA-0016-18,31,Emerald,8
FA-0016-19,32,Emerald,0
FA-0016-20,33,Emerald,3
FA-0016-21,34,Emerald,84
FA-0016-22,24,Blush,59
FA-0016-23,25,Blush,64
FA-0016-24,26,Blush,111
FA-0016-25,27,Blush,36
FA-0016-26,28,Blush,81
FA-0016-27,29,Blush,51
FA-0016-28,30,Blush,2
FA-0016-29,31,Blush,103
FA-0016-30,32,Blush,93
FA-0016-31,33,Blush,92
FA-0016-32,34,Blush,0
FA-0017-00,XS,Tan,87
FA-0017-01,S,Tan,0
FA-0017-02,M,Tan,72
FA-0017-03,L,Tan,54
FA-0017-04,XL,Tan,63
FA-0017-05,XXL,Tan,83
FA-0017-06,XS,White,27
FA-0017-07,S,White,5
FA-0017-08,M,White,19
FA-0017-09,L,White,11
FA-0017-10,XL,White,106
FA-0017-11,XXL,White,91
FA-0017-12,XS,Cream,84
FA-0017-13,S,Cream,85
FA-0017-14,M,Cream,59
FA-0017-15,L,Cream,0
FA-0017-16,XL,Cream,63
FA-0017-17,XXL,Cream,32
FA-0017-18,XS,Denim Blue,0
FA-0017-19,S,Denim Blue,54
FA-0017-20,M,Denim Blue,26
FA-0017-21,L,Denim Blue,47
FA-0017-22,XL,Denim Blue,76
FA-0017-23,XXL,Denim Blue,37
FA-0018-00,XS,Khaki,69
FA-0018-01,S,Khaki,69
FA-0018-02,M,Khaki,39
FA-0018-03,L,Khaki,0
FA-0018-04,XL,Khaki,69
FA-0018-05,XS,Sky Blue,2
FA-0018-06,S,Sky Blue,3
FA-0018-07,M,Sky Blue,0
FA-0018-08,L,Sky Blue,51
FA-0018-09,XL,Sky Blue,0
FA-0018-10,XS,Olive,119
FA-0018-11,S,Olive,94
FA-0018-12,M,Olive,0
FA-0018-13,L,Olive,59
FA-0018-14,XL,Olive,19
FA-0018-15,XS,Sand,10
FA-0018-16,S,Sand,48
FA-0018-17,M,Sand,7
FA-0018-18,L,Sand,26
FA-0018-19,XL,Sand,80
FA-0019-00,XS,Mustard,55
FA-0019-01,S,Mustard,76
FA-0019-02,M,Mustard,87
FA-0019-03,L,Mustard,43
FA-0019-04,XL,Mustard,68
FA-0019-05,XXL,Mustard,60
FA-0019-06,XS,Terracotta,63
FA-0019-07,S,Terracotta,29
FA-0019-08,M,Terracotta,60
FA-0019-09,L,Terracotta,79
FA-0019-10,XL,Terracotta,118
FA-0019-11,XXL,Terracotta,98
FA-0019-12,XS,Cobalt,146
FA-0019-13,S,Cobalt,29
FA-0019-14,M,Cobalt,94
FA-0019-15,L,Cobalt,8
FA-0019-16,XL,Cobalt,147
FA-0019-17,XXL,Cobalt,27
FA-0020-00,XS,Coral,36
FA-0020-01,S,Coral,0
FA-0020-02,M,Coral,38
FA-0020-03,L,Coral,29
FA-0020-04,XL,Coral,66
FA-0020-05,XXL,Coral,73
FA-0020-06,XS,Pearl,135
FA-0020-07,S,Pearl,98
FA-0020-08,M,Pearl,36
FA-0020-09,L,Pearl,24
FA-0020-10,XL,Pearl,79
FA-0020-11,XXL,Pearl,2
FA-0021-00,XS,Olive,107
FA-0021-01,S,Olive,41
FA-0021-02,M,Olive,0
FA-0021-03,L,Olive,114
FA-0021-04,XL,Olive,55
FA-0021-05,XXL,Olive,109
FA-0021-06,XS,Mint,0
FA-0021-07,S,Mint,0
FA-0021-08,M,Mint,60
FA-0021-09,L,Mint,61
FA-0021-10,XL,Mint,41
FA-0021-11,XXL,Mint,84
FA-0021-12,XS,Maroon,0
FA-0021-13,S,Maroon,54
FA-0021-14,M,Maroon,64
FA-0021-15,L,Maroon,80
FA-0021-16,XL,Maroon,88
FA-0021-17,XXL,Maroon,15
FA-0021-18,XS,Denim Blue,0
FA-0021-19,S,Denim Blue,111
FA-0021-20,M,Denim Blue,73
FA-0021-21,L,Denim Blue,30
FA-0021-22,XL,Denim Blue,122
FA-0021-23,XXL,Denim Blue,64
FA-0022-00,XS,Mint,62
FA-0022-01,S,Mint,142
FA-0022-02,M,Mint,130
FA-0022-03,L,Mint,50
FA-0022-04,XL,Mint,98
FA-0022-05,XS,Rust,85
FA-0022-06,S,Rust,114
FA-0022-07,M,Rust,5
FA-0022-08,L,Rust,87
FA-0022-09,XL,Rust,102
FA-0022-10,XS,Cream,0
FA-0022-11,S,Cream,12
FA-0022-12,M,Cream,0
FA-0022-13,L,Cream,49
FA-0022-14,XL,Cream,88
FA-0023-00,XS,Sand,62
FA-0023-01,S,Sand,125
FA-0023-02,M,Sand,4
FA-0023-03,L,Sand,0
FA-0023-04,XL,Sand,57
FA-0023-05,XXL,Sand,75
FA-0023-06,XS,Sky Blue,58
FA-0023-07,S,Sky Blue,4
FA-0023-08,M,Sky Blue,56
FA-0023-09,L,Sky Blue,7
FA-0023-10,XL,Sky Blue,86
FA-0023-11,XXL,Sky Blue,74
FA-0024-00,24,White,0
FA-0024-01,25,White,4
FA-0024-02,26,White,57
FA-0024-03,27,White,98
FA-0024-04,28,White,20
FA-0024-05,29,White,80
FA-0024-06,30,White,38
FA-0024-07,31,White,28
FA-0024-08,32,White,55
FA-0024-09,33,White,0
FA-0024-10,34,White,37
FA-0024-11,24,Pearl,12
FA-0024-12,25,Pearl,138
FA-0024-13,26,Pearl,61
FA-0024-14,27,Pearl,32
FA-0024-15,28,Pearl,68
FA-0024-16,29,Pearl,55
FA-0024-17,30,Pearl,51
FA-0024-18,31,Pearl,6
FA-0024-19,32,Pearl,90
FA-0024-20,33,Pearl,9
FA-0024-21,34,Pearl,36
FA-0025-00,XS,Brown,0
FA-0025-01,S,Brown,0
FA-0025-02,M,Brown,114
FA-0025-03,L,Brown,0
FA-0025-04,XL,Brown,0
FA-0025-05,XXL,Brown,83
FA-0026-00,XS,Beige,183
FA-0026-01,S,Beige,104
FA-0026-02,M,Beige,54
FA-0026-03,L,Beige,21
FA-0026-04,XL,Beige,9
FA-0026-05,XXL,Beige,68
FA-0027-00,XS,Sky Blue,2
FA-0027-01,S,Sky Blue,34
FA-0027-02,M,Sky Blue,16
FA-0027-03,L,Sky Blue,127
FA-0027-04,XL,Sky Blue,95
FA-0027-05,XXL,Sky Blue,59
FA-0027-06,XS,Olive,119
FA-0027-07,S,Olive,63
FA-0027-08,M,Olive,25
FA-0027-09,L,Olive,120
FA-0027-10,XL,Olive,81
FA-0027-11,XXL,Olive,18
FA-0027-12,XS,Cobalt,52
FA-0027-13,S,Cobalt,24
FA-0027-14,M,Cobalt,4
FA-0027-15,L,Cobalt,2
FA-0027-16,XL,Cobalt,6
FA-0027-17,XXL,Cobalt,4
FA-0027-18,XS,Denim Blue,82
FA-0027-19,S,Denim Blue,33
FA-0027-20,M,Denim Blue,40
FA-0027-21,L,Denim Blue,36
FA-0027-22,XL,Denim Blue,25
FA-0027-23,XXL,Denim Blue,61
FA-0028-00,XS,Cream,70
FA-0028-01,S,Cream,57
FA-0028-02,M,Cream,50
FA-0028-03,L,Cream,23
FA-0028-04,XL,Cream,36
FA-0028-05,XS,Sand,0
FA-0028-06,S,Sand,80
FA-0028-07,M,Sand,20
FA-0028-08,L,Sand,63
FA-0028-09,XL,Sand,3
FA-0028-10,XS,Olive,0
FA-0028-11,S,Olive,81
FA-0028-12,M,Olive,0
FA-0028-13,L,Olive,82
FA-0028-14,XL,Olive,29
FA-0028-15,XS,Burgundy,0
FA-0028-16,S,Burgundy,0
FA-0028-17,M,Burgundy,3
FA-0028-18,L,Burgundy,2
FA-0028-19,XL,Burgundy,23
FA-0029-00,XS,Mint,0
FA-0029-01,S,Mint,57
FA-0029-02,M,Mint,11
FA-0029-03,L,Mint,0
FA-0029-04,XL,Mint,61
FA-0029-05,XS,Coral,0
FA-0029-06,S,Coral,44
FA-0029-07,M,Coral,100
FA-0029-08,L,Coral,7
FA-0029-09,XL,Coral,93
FA-0030-00,XS,Navy,81
FA-0030-01,S,Navy,6
FA-0030-02,M,Navy,0
FA-0030-03,L,Navy,28
FA-0030-04,XL,Navy,6
FA-0030-05,XXL,Navy,51
FA-0030-06,XS,Forest Green,74
FA-0030-07,S,Forest Green,35
FA-0030-08,M,Forest Green,63
FA-0030-09,L,Forest Green,5
FA-0030-10,XL,Forest Green,106
FA-0030-11,XXL,Forest Green,2
FA-0030-12,XS,Sand,73
FA-0030-13,S,Sand,43
FA-0030-14,M,Sand,40
FA-0030-15,L,Sand,5
FA-0030-16,XL,Sand,75
FA-0030-17,XXL,Sand,43
FA-0031-00,XS,Sky Blue,143
FA-0031-01,S,Sky Blue,94
FA-0031-02,M,Sky Blue,46
FA-0031-03,L,Sky Blue,108
FA-0031-04,XL,Sky Blue,43
FA-0031-05,XXL,Sky Blue,8
FA-0031-06,XS,Rose,5
FA-0031-07,S,Rose,0
FA-0031-08,M,Rose,45
FA-0031-09,L,Rose,60
FA-0031-10,XL,Rose,127
FA-0031-11,XXL,Rose,73
FA-0031-12,XS,Ivory,51
FA-0031-13,S,Ivory,93
FA-0031-14,M,Ivory,0
FA-0031-15,L,Ivory,0
FA-0031-16,XL,Ivory,90
FA-0031-17,XXL,Ivory,0
FA-0031-18,XS,Lavender,105
FA-0031-19,S,Lavender,73
FA-0031-20,M,Lavender,43
FA-0031-21,L,Lavender,85
FA-0031-22,XL,Lavender,150
FA-0031-23,XXL,Lavender,67
FA-0032-00,XS,Blush,41
FA-0032-01,S,Blush,26
FA-0032-02,M,Blush,93
FA-0032-03,L,Blush,25
FA-0032-04,XL,Blush,62
FA-0032-05,XXL,Blush,40
FA-0033-00,XS,Blush,73
FA-0033-01,S,Blush,101
FA-0033-02,M,Blush,39
FA-0033-03,L,Blush,49
FA-0033-04,XL,Blush,20
FA-0033-05,XXL,Blush,42
FA-0033-06,XS,Forest Green,75
FA-0033-07,S,Forest Green,90
FA-0033-08,M,Forest Green,2
FA-0033-09,L,Forest Green,94
FA-0033-10,XL,Forest Green,114
FA-0033-11,XXL,Forest Green,76
FA-0033-12,XS,Maroon,135
FA-0033-13,S,Maroon,29
FA-0033-14,M,Maroon,10
FA-0033-15,L,Maroon,0
FA-0033-16,XL,Maroon,0
FA-0033-17,XXL,Maroon,86
FA-0034-00,24,Tan,71
FA-0034-01,25,Tan,14
FA-0034-02,26,Tan,157
FA-0034-03,27,Tan,65
FA-0034-04,28,Tan,64
FA-0034-05,29,Tan,89
FA-0034-06,30,Tan,79
FA-0034-07,31,Tan,68
FA-0034-08,32,Tan,28
FA-0034-09,33,Tan,78
FA-0034-10,34,Tan,135
FA-0034-11,24,Pearl,113
FA-0034-12,25,Pearl,123
FA-0034-13,26,Pearl,39
FA-0034-14,27,Pearl,20
FA-0034-15,28,Pearl,1
FA-0034-16,29,Pearl,62
FA-0034-17,30,Pearl,4
FA-0034-18,31,Pearl,0
FA-0034-19,32,Pearl,121
FA-0034-20,33,Pearl,53
FA-0034-21,34,Pearl,42
FA-0035-00,XS,Ivory,0
FA-0035-01,S,Ivory,92
FA-0035-02,M,Ivory,62
FA-0035-03,L,Ivory,5
FA-0035-04,XL,Ivory,8
FA-0036-00,XS,Olive,126
FA-0036-01,S,Olive,49
FA-0036-02,M,Olive,0
FA-0036-03,L,Olive,6
FA-0036-04,XL,Olive,49
FA-0036-05,XXL,Olive,6
FA-0037-00,24,Forest Green,7
FA-0037-01,25,Forest Green,87
FA-0037-02,26,Forest Green,0
FA-0037-03,27,Forest Green,105
FA-0037-04,28,Forest Green,49
FA-0037-05,29,Forest Green,15
FA-0037-06,30,Forest Green,9
FA-0037-07,31,Forest Green,62
FA-0037-08,32,Forest Green,60
FA-0037-09,33,Forest Green,59
FA-0037-10,34,Forest Green,67
FA-0038-00,XS,White,5
FA-0038-01,S,White,38
FA-0038-02,M,White,58
FA-0038-03,L,White,38
FA-0038-04,XL,White,31
FA-0038-05,XXL,White,64
FA-0038-06,XS,Rust,49
FA-0038-07,S,Rust,120
FA-0038-08,M,Rust,0
FA-0038-09,L,Rust,103
FA-0038-10,XL,Rust,109
FA-0038-11,XXL,Rust,0
FA-0039-00,XS,Blush,5
FA-0039-01,S,Blush,3
FA-0039-02,M,Blush,28
FA-0039-03,L,Blush,6
FA-0039-04,XL,Blush,130
FA-0039-05,XXL,Blush,97
FA-0039-06,XS,Tan,0
FA-0039-07,S,Tan,88
FA-0039-08,M,Tan,14
FA-0039-09,L,Tan,10
FA-0039-10,XL,Tan,79
FA-0039-11,XXL,Tan,11
FA-0040-00,XS,Lilac,50
FA-0040-01,S,Lilac,45
FA-0040-02,M,Lilac,0
FA-0040-03,L,Lilac,77
FA-0040-04,XL,Lilac,45
FA-0040-05,XXL,Lilac,3
FA-0041-00,XS,Mint,84
FA-0041-01,S,Mint,83
FA-0041-02,M,Mint,47
FA-0041-03,L,Mint,73
FA-0041-04,XL,Mint,9
FA-0041-05,XS,Brown,96
FA-0041-06,S,Brown,52
FA-0041-07,M,Brown,9
FA-0041-08,L,Brown,101
FA-0041-09,XL,Brown,31
FA-0041-10,XS,Denim Blue,3
FA-0041-11,S,Denim Blue,0
FA-0041-12,M,Denim Blue,84
FA-0041-13,L,Denim Blue,8
FA-0041-14,XL,Denim Blue,130
FA-0042-00,XS,Tan,127
FA-0042-01,S,Tan,68
FA-0042-02,M,Tan,56
FA-0042-03,L,Tan,38
FA-0042-04,XL,Tan,0
FA-0043-00,XS,Mint,104
FA-0043-01,S,Mint,64
FA-0043-02,M,Mint,66
FA-0043-03,L,Mint,45
FA-0043-04,XL,Mint,57
FA-0043-05,XS,Pearl,72
FA-0043-06,S,Pearl,0
FA-0043-07,M,Pearl,6
FA-0043-08,L,Pearl,89
FA-0043-09,XL,Pearl,3
FA-0044-00,24,Terracotta,0
FA-0044-01,25,Terracotta,10
FA-0044-02,26,Terracotta,38
FA-0044-03,27,Terracotta,28
FA-0044-04,28,Terracotta,0
FA-0044-05,29,Terracotta,20
FA-0044-06,30,Terracotta,76
FA-0044-07,31,Terracotta,0
FA-0044-08,32,Terracotta,101
FA-0044-09,33,Terracotta,78
FA-0044-10,34,Terracotta,70
FA-0044-11,24,Rose,99
FA-0044-12,25,Rose,126
FA-0044-13,26,Rose,100
FA-0044-14,27,Rose,0
FA-0044-15,28,Rose,4
FA-0044-16,29,Rose,35
FA-0044-17,30,Rose,5
FA-0044-18,31,Rose,80
FA-0044-19,32,Rose,30
FA-0044-20,33,Rose,67
FA-0044-21,34,Rose,29
FA-0044-22,24,Lavender,35
FA-0044-23,25,Lavender,3
FA-0044-24,26,Lavender,23
FA-0044-25,27,Lavender,5
FA-0044-26,28,Lavender,20
FA-0044-27,29,Lavender,5
FA-0044-28,30,Lavender,22
FA-0044-29,31,Lavender,165
FA-0044-30,32,Lavender,79
FA-0044-31,33,Lavender,67
FA-0044-32,34,Lavender,25
FA-0045-00,XS,Burgundy,36
FA-0045-01,S,Burgundy,64
FA-0045-02,M,Burgundy,162
FA-0045-03,L,Burgundy,56
FA-0045-04,XL,Burgundy,105
FA-0045-05,XXL,Burgundy,31
FA-0045-06,XS,Blush,58
FA-0045-07,S,Blush,130
FA-0045-08,M,Blush,0
FA-0045-09,L,Blush,0
FA-0045-10,XL,Blush,88
FA-0045-11,XXL,Blush,37
FA-0046-00,XS,Charcoal,98
FA-0046-01,S,Charcoal,84
FA-0046-02,M,Charcoal,0
FA-0046-03,L,Charcoal,30
FA-0046-04,XL,Charcoal,50
FA-0046-05,XS,Forest Green,57
FA-0046-06,S,Forest Green,84
FA-0046-07,M,Forest Green,8
FA-0046-08,L,Forest Green,6
FA-0046-09,XL,Forest Green,75
FA-0046-10,XS,Lilac,8
FA-0046-11,S,Lilac,82
FA-0046-12,M,Lilac,103
FA-0046-13,L,Lilac,93
FA-0046-14,XL,Lilac,0
FA-0047-00,24,Khaki,0
FA-0047-01,25,Khaki,77
FA-0047-02,26,Khaki,68
FA-0047-03,27,Khaki,70
FA-0047-04,28,Khaki,8
FA-0047-05,29,Khaki,16
FA-0047-06,30,Khaki,102
FA-0047-07,31,Khaki,58
FA-0047-08,32,Khaki,87
FA-0047-09,33,Khaki,61
FA-0047-10,34,Khaki,61
FA-0047-11,24,Mustard,97
FA-0047-12,25,Mustard,39
FA-0047-13,26,Mustard,63
FA-0047-14,27,Mustard,41
FA-0047-15,28,Mustard,42
FA-0047-16,29,Mustard,47
FA-0047-17,30,Mustard,68
FA-0047-18,31,Mustard,40
FA-0047-19,32,Mustard,110
FA-0047-20,33,Mustard,24
FA-0047-21,34,Mustard,2
FA-0047-22,24,Beige,42
FA-0047-23,25,Beige,117
FA-0047-24,26,Beige,67
FA-0047-25,27,Beige,101
FA-0047-26,28,Beige,0
FA-0047-27,29,Beige,70
FA-0047-28,30,Beige,95
FA-0047-29,31,Beige,7
FA-0047-30,32,Beige,102
FA-0047-31,33,Beige,39
FA-0047-32,34,Beige,116
FA-0047-33,24,Denim Blue,151
FA-0047-34,25,Denim Blue,45
FA-0047-35,26,Denim Blue,42
FA-0047-36,27,Denim Blue,118
FA-0047-37,28,Denim Blue,0
FA-0047-38,29,Denim Blue,39
FA-0047-39,30,Denim Blue,43
FA-0047-40,31,Denim Blue,3
FA-0047-41,32,Denim Blue,6
FA-0047-42,33,Denim Blue,7
FA-0047-43,34,Denim Blue,19
FA-0048-00,XS,Lavender,58
FA-0048-01,S,Lavender,69
FA-0048-02,M,Lavender,122
FA-0048-03,L,Lavender,20
FA-0048-04,XL,Lavender,99
FA-0048-05,XXL,Lavender,51
FA-0048-06,XS,Lilac,58
FA-0048-07,S,Lilac,0
FA-0048-08,M,Lilac,15
FA-0048-09,L,Lilac,75
FA-0048-10,XL,Lilac,66
FA-0048-11,XXL,Lilac,79
FA-0048-12,XS,Olive,71
FA-0048-13,S,Olive,158
FA-0048-14,M,Olive,34
FA-0048-15,L,Olive,0
FA-0048-16,XL,Olive,35
FA-0048-17,XXL,Olive,37
FA-0049-00,24,White,107
FA-0049-01,25,White,116
FA-0049-02,26,White,37
FA-0049-03,27,White,5
FA-0049-04,28,White,78
FA-0049-05,29,White,37
FA-0049-06,30,White,85
FA-0049-07,31,White,68
FA-0049-08,32,White,0
FA-0049-09,33,White,121
FA-0049-10,34,White,131
FA-0049-11,24,Sky Blue,35
FA-0049-12,25,Sky Blue,44
FA-0049-13,26,Sky Blue,71
FA-0049-14,27,Sky Blue,73
FA-0049-15,28,Sky Blue,86
FA-0049-16,29,Sky Blue,140
FA-0049-17,30,Sky Blue,52
FA-0049-18,31,Sky Blue,28
FA-0049-19,32,Sky Blue,4
FA-0049-20,33,Sky Blue,3
FA-0049-21,34,Sky Blue,58
FA-0050-00,XS,Brown,7
FA-0050-01,S,Brown,1
FA-0050-02,M,Brown,8
FA-0050-03,L,Brown,0
FA-0050-04,XL,Brown,161
FA-0050-05,XS,Terracotta,38
FA-0050-06,S,Terracotta,40
FA-0050-07,M,Terracotta,101
FA-0050-08,L,Terracotta,87
FA-0050-09,XL,Terracotta,133
FA-0050-10,XS,Black,83
FA-0050-11,S,Black,45
FA-0050-12,M,Black,83
FA-0050-13,L,Black,104
FA-0050-14,XL,Black,1
FA-0050-15,XS,Emerald,80
FA-0050-16,S,Emerald,102
FA-0050-17,M,Emerald,106
FA-0050-18,L,Emerald,115
FA-0050-19,XL,Emerald,85
FA-0051-00,24,Cream,1
FA-0051-01,25,Cream,108
FA-0051-02,26,Cream,27
FA-0051-03,27,Cream,0
FA-0051-04,28,Cream,44
FA-0051-05,29,Cream,61
FA-0051-06,30,Cream,111
FA-0051-07,31,Cream,67
FA-0051-08,32,Cream,61
FA-0051-09,33,Cream,5
FA-0051-10,34,Cream,89
FA-0052-00,XS,White,146
FA-0052-01,S,White,47
FA-0052-02,M,White,6
FA-0052-03,L,White,69
FA-0052-04,XL,White,123
FA-0052-05,XXL,White,56
FA-0052-06,XS,Blush,71
FA-0052-07,S,Blush,84
FA-0052-08,M,Blush,67
FA-0052-09,L,Blush,42
FA-0052-10,XL,Blush,67
FA-0052-11,XXL,Blush,102
FA-0052-12,XS,Pearl,18
FA-0052-13,S,Pearl,65
FA-0052-14,M,Pearl,4
FA-0052-15,L,Pearl,0
FA-0052-16,XL,Pearl,0
FA-0052-17,XXL,Pearl,0
FA-0053-00,24,Cobalt,122
FA-0053-01,25,Cobalt,4
FA-0053-02,26,Cobalt,8
FA-0053-03,27,Cobalt,135
FA-0053-04,28,Cobalt,2
FA-0053-05,29,Cobalt,0
FA-0053-06,30,Cobalt,77
FA-0053-07,31,Cobalt,39
FA-0053-08,32,Cobalt,19
FA-0053-09,33,Cobalt,88
FA-0053-10,34,Cobalt,69
FA-0053-11,24,Gray,37
FA-0053-12,25,Gray,4
FA-0053-13,26,Gray,9
FA-0053-14,27,Gray,86
FA-0053-15,28,Gray,56
FA-0053-16,29,Gray,133
FA-0053-17,30,Gray,17
FA-0053-18,31,Gray,0
FA-0053-19,32,Gray,32
FA-0053-20,33,Gray,58
FA-0053-21,34,Gray,69
FA-0054-00,XS,Charcoal,74
FA-0054-01,S,Charcoal,9
FA-0054-02,M,Charcoal,0
FA-0054-03,L,Charcoal,1
FA-0054-04,XL,Charcoal,104
FA-0054-05,XXL,Charcoal,73
FA-0054-06,XS,Rose,0
FA-0054-07,S,Rose,82
FA-0054-08,M,Rose,77
FA-0054-09,L,Rose,85
FA-0054-10,XL,Rose,9
FA-0054-11,XXL,Rose,5
FA-0054-12,XS,Ivory,88
FA-0054-13,S,Ivory,56
FA-0054-14,M,Ivory,117
FA-0054-15,L,Ivory,32
FA-0054-16,XL,Ivory,132
FA-0054-17,XXL,Ivory,58
FA-0054-18,XS,Blush,2
FA-0054-19,S,Blush,0
FA-0054-20,M,Blush,32
FA-0054-21,L,Blush,93
FA-0054-22,XL,Blush,33
FA-0054-23,XXL,Blush,42
FA-0055-00,XS,Forest Green,41
FA-0055-01,S,Forest Green,0
FA-0055-02,M,Forest Green,0
FA-0055-03,L,Forest Green,90
FA-0055-04,XL,Forest Green,91
FA-0055-05,XXL,Forest Green,77
FA-0055-06,XS,Blush,21
FA-0055-07,S,Blush,58
FA-0055-08,M,Blush,59
FA-0055-09,L,Blush,13
FA-0055-10,XL,Blush,120
FA-0055-11,XXL,Blush,0
FA-0055-12,XS,Cobalt,51
FA-0055-13,S,Cobalt,61
FA-0055-14,M,Cobalt,68
FA-0055-15,L,Cobalt,0
FA-0055-16,XL,Cobalt,50
FA-0055-17,XXL,Cobalt,32
FA-0055-18,XS,White,19
FA-0055-19,S,White,6
FA-0055-20,M,White,0
FA-0055-21,L,White,85
FA-0055-22,XL,White,37
FA-0055-23,XXL,White,82
FA-0056-00,XS,Cobalt,96
FA-0056-01,S,Cobalt,62
FA-0056-02,M,Cobalt,34
FA-0056-03,L,Cobalt,87
FA-0056-04,XL,Cobalt,75
FA-0056-05,XXL,Cobalt,95
FA-0056-06,XS,Cream,85
FA-0056-07,S,Cream,5
FA-0056-08,M,Cream,38
FA-0056-09,L,Cream,7
FA-0056-10,XL,Cream,67
FA-0056-11,XXL,Cream,6
FA-0056-12,XS,Burgundy,32
FA-0056-13,S,Burgundy,129
FA-0056-14,M,Burgundy,0
FA-0056-15,L,Burgundy,33
FA-0056-16,XL,Burgundy,40
FA-0056-17,XXL,Burgundy,47
FA-0056-18,XS,Blush,76
FA-0056-19,S,Blush,80
FA-0056-20,M,Blush,37
FA-0056-21,L,Blush,59
FA-0056-22,XL,Blush,145
FA-0056-23,XXL,Blush,129
FA-0057-00,XS,Teal,7
FA-0057-01,S,Teal,64
FA-0057-02,M,Teal,84
FA-0057-03,L,Teal,19
FA-0057-04,XL,Teal,49
FA-0057-05,XXL,Teal,0
FA-0057-06,XS,Olive,75
FA-0057-07,S,Olive,85
FA-0057-08,M,Olive,40
FA-0057-09,L,Olive,122
FA-0057-10,XL,Olive,10
FA-0057-11,XXL,Olive,1
FA-0058-00,XS,Lavender,101
FA-0058-01,S,Lavender,0
FA-0058-02,M,Lavender,41
FA-0058-03,L,Lavender,103
FA-0058-04,XL,Lavender,7
FA-0058-05,XXL,Lavender,53
FA-0058-06,XS,Blush,95
FA-0058-07,S,Blush,86
FA-0058-08,M,Blush,0
FA-0058-09,L,Blush,119
FA-0058-10,XL,Blush,115
FA-0058-11,XXL,Blush,34
FA-0059-00,XS,Olive,79
FA-0059-01,S,Olive,70
FA-0059-02,M,Olive,0
FA-0059-03,L,Olive,33
FA-0059-04,XL,Olive,58
FA-0059-05,XXL,Olive,106
FA-0060-00,XS,Teal,45
FA-0060-01,S,Teal,90
FA-0060-02,M,Teal,2
FA-0060-03,L,Teal,105
FA-0060-04,XL,Teal,0
FA-0060-05,XXL,Teal,45
FA-0060-06,XS,Burgundy,15
FA-0060-07,S,Burgundy,8
FA-0060-08,M,Burgundy,106
FA-0060-09,L,Burgundy,1
FA-0060-10,XL,Burgundy,6
FA-0060-11,XXL,Burgundy,58
FA-0061-00,XS,Khaki,63
FA-0061-01,S,Khaki,8
FA-0061-02,M,Khaki,99
FA-0061-03,L,Khaki,40
FA-0061-04,XL,Khaki,0
FA-0061-05,XXL,Khaki,4
FA-0061-06,XS,Blush,120
FA-0061-07,S,Blush,2
FA-0061-08,M,Blush,46
FA-0061-09,L,Blush,46
FA-0061-10,XL,Blush,47
FA-0061-11,XXL,Blush,143
FA-0062-00,XS,Burgundy,77
FA-0062-01,S,Burgundy,101
FA-0062-02,M,Burgundy,69
FA-0062-03,L,Burgundy,49
FA-0062-04,XL,Burgundy,52
FA-0062-05,XXL,Burgundy,57
FA-0063-00,XS,Lavender,89
FA-0063-01,S,Lavender,62
FA-0063-02,M,Lavender,89
FA-0063-03,L,Lavender,56
FA-0063-04,XL,Lavender,63
FA-0063-05,XXL,Lavender,0
FA-0063-06,XS,Forest Green,96
FA-0063-07,S,Forest Green,73
FA-0063-08,M,Forest Green,99
FA-0063-09,L,Forest Green,0
FA-0063-10,XL,Forest Green,143
FA-0063-11,XXL,Forest Green,54
FA-0064-00,XS,Cream,18
FA-0064-01,S,Cream,84
FA-0064-02,M,Cream,2
FA-0064-03,L,Cream,35
FA-0064-04,XL,Cream,136
FA-0064-05,XXL,Cream,52
FA-0064-06,XS,Blush,68
FA-0064-07,S,Blush,94
FA-0064-08,M,Blush,79
FA-0064-09,L,Blush,5
FA-0064-10,XL,Blush,74
FA-0064-11,XXL,Blush,156
FA-0064-12,XS,Tan,57
FA-0064-13,S,Tan,68
FA-0064-14,M,Tan,102
FA-0064-15,L,Tan,104
FA-0064-16,XL,Tan,107
FA-0064-17,XXL,Tan,6
FA-0065-00,XS,Khaki,125
FA-0065-01,S,Khaki,14
FA-0065-02,M,Khaki,72
FA-0065-03,L,Khaki,29
FA-0065-04,XL,Khaki,5
FA-0065-05,XS,Denim Blue,73
FA-0065-06,S,Denim Blue,72
FA-0065-07,M,Denim Blue,76
FA-0065-08,L,Denim Blue,124
FA-0065-09,XL,Denim Blue,78
FA-0066-00,XS,Maroon,98
FA-0066-01,S,Maroon,107
FA-0066-02,M,Maroon,10
FA-0066-03,L,Maroon,83
FA-0066-04,XL,Maroon,88
FA-0067-00,XS,Rust,115
FA-0067-01,S,Rust,53
FA-0067-02,M,Rust,65
FA-0067-03,L,Rust,53
FA-0067-04,XL,Rust,60
FA-0067-05,XXL,Rust,16
FA-0068-00,XS,Olive,123
FA-0068-01,S,Olive,26
FA-0068-02,M,Olive,20
FA-0068-03,L,Olive,0
FA-0068-04,XL,Olive,34
FA-0069-00,XS,Burgundy,125
FA-0069-01,S,Burgundy,0
FA-0069-02,M,Burgundy,32
FA-0069-03,L,Burgundy,150
FA-0069-04,XL,Burgundy,4
FA-0070-00,XS,Coral,6
FA-0070-01,S,Coral,151
FA-0070-02,M,Coral,4
FA-0070-03,L,Coral,0
FA-0070-04,XL,Coral,100
FA-0070-05,XS,Sky Blue,157
FA-0070-06,S,Sky Blue,115
FA-0070-07,M,Sky Blue,82
FA-0070-08,L,Sky Blue,83
FA-0070-09,XL,Sky Blue,94
FA-0071-00,XS,Maroon,71
FA-0071-01,S,Maroon,64
FA-0071-02,M,Maroon,2
FA-0071-03,L,Maroon,29
FA-0071-04,XL,Maroon,48
FA-0071-05,XXL,Maroon,0
FA-0071-06,XS,Emerald,56
FA-0071-07,S,Emerald,20
FA-0071-08,M,Emerald,15
FA-0071-09,L,Emerald,67
FA-0071-10,XL,Emerald,115
FA-0071-11,XXL,Emerald,96
FA-0072-00,XS,Olive,20
FA-0072-01,S,Olive,97
FA-0072-02,M,Olive,20
FA-0072-03,L,Olive,51
FA-0072-04,XL,Olive,82
FA-0072-05,XS,Cream,21
FA-0072-06,S,Cream,2
FA-0072-07,M,Cream,0
FA-0072-08,L,Cream,35
FA-0072-09,XL,Cream,72
FA-0072-10,XS,Cobalt,0
FA-0072-11,S,Cobalt,77
FA-0072-12,M,Cobalt,59
FA-0072-13,L,Cobalt,82
FA-0072-14,XL,Cobalt,4
FA-0072-15,XS,Maroon,114
FA-0072-16,S,Maroon,65
FA-0072-17,M,Maroon,42
FA-0072-18,L,Maroon,64
FA-0072-19,XL,Maroon,81
FA-0073-00,XS,Olive,61
FA-0073-01,S,Olive,3
FA-0073-02,M,Olive,33
FA-0073-03,L,Olive,3
FA-0073-04,XL,Olive,129
FA-0073-05,XXL,Olive,10
FA-0073-06,XS,Teal,32
FA-0073-07,S,Teal,31
FA-0073-08,M,Teal,0
FA-0073-09,L,Teal,48
FA-0073-10,XL,Teal,0
FA-0073-11,XXL,Teal,33
FA-0073-12,XS,Lilac,0
FA-0073-13,S,Lilac,26
FA-0073-14,M,Lilac,145
FA-0073-15,L,Lilac,12
FA-0073-16,XL,Lilac,72
FA-0073-17,XXL,Lilac,85
FA-0073-18,XS,White,1
FA-0073-19,S,White,52
FA-0073-20,M,White,54
FA-0073-21,L,White,61
FA-0073-22,XL,White,54
FA-0073-23,XXL,White,98
FA-0074-00,XS,Terracotta,37
FA-0074-01,S,Terracotta,5
FA-0074-02,M,Terracotta,56
FA-0074-03,L,Terracotta,8
FA-0074-04,XL,Terracotta,27
FA-0074-05,XXL,Terracotta,8
FA-0074-06,XS,Navy,0
FA-0074-07,S,Navy,37
FA-0074-08,M,Navy,82
FA-0074-09,L,Navy,125
FA-0074-10,XL,Navy,44
FA-0074-11,XXL,Navy,51
FA-0074-12,XS,Lavender,36
FA-0074-13,S,Lavender,0
FA-0074-14,M,Lavender,34
FA-0074-15,L,Lavender,11
FA-0074-16,XL,Lavender,61
FA-0074-17,XXL,Lavender,0
FA-0075-00,XS,Coral,0
FA-0075-01,S,Coral,73
FA-0075-02,M,Coral,4
FA-0075-03,L,Coral,0
FA-0075-04,XL,Coral,74
FA-0075-05,XXL,Coral,2
FA-0075-06,XS,Cream,11
FA-0075-07,S,Cream,126
FA-0075-08,M,Cream,0
FA-0075-09,L,Cream,31
FA-0075-10,XL,Cream,57
FA-0075-11,XXL,Cream,82
FA-0076-00,XS,Cream,81
FA-0076-01,S,Cream,23
FA-0076-02,M,Cream,66
FA-0076-03,L,Cream,3
FA-0076-04,XL,Cream,55
FA-0076-05,XXL,Cream,23
FA-0076-06,XS,Navy,30
FA-0076-07,S,Navy,109
FA-0076-08,M,Navy,6
FA-0076-09,L,Navy,84
FA-0076-10,XL,Navy,16
FA-0076-11,XXL,Navy,0
FA-0076-12,XS,Pearl,108
FA-0076-13,S,Pearl,65
FA-0076-14,M,Pearl,152
FA-0076-15,L,Pearl,2
FA-0076-16,XL,Pearl,67
FA-0076-17,XXL,Pearl,0
FA-0077-00,XS,Burgundy,53
FA-0077-01,S,Burgundy,88
FA-0077-02,M,Burgundy,0
FA-0077-03,L,Burgundy,0
FA-0077-04,XL,Burgundy,6
FA-0077-05,XXL,Burgundy,0
FA-0077-06,XS,Sky Blue,80
FA-0077-07,S,Sky Blue,0
FA-0077-08,M,Sky Blue,0
FA-0077-09,L,Sky Blue,75
FA-0077-10,XL,Sky Blue,7
FA-0077-11,XXL,Sky Blue,59
FA-0077-12,XS,Maroon,93
FA-0077-13,S,Maroon,10
FA-0077-14,M,Maroon,56
FA-0077-15,L,Maroon,96
FA-0077-16,XL,Maroon,7
FA-0077-17,XXL,Maroon,70
FA-0077-18,XS,Pearl,72
FA-0077-19,S,Pearl,33
FA-0077-20,M,Pearl,99
FA-0077-21,L,Pearl,53
FA-0077-22,XL,Pearl,29
FA-0077-23,XXL,Pearl,81
FA-0078-00,XS,Lilac,61
FA-0078-01,S,Lilac,0
FA-0078-02,M,Lilac,103
FA-0078-03,L,Lilac,78
FA-0078-04,XL,Lilac,4
FA-0078-05,XXL,Lilac,92
FA-0078-06,XS,Cream,4
FA-0078-07,S,Cream,82
FA-0078-08,M,Cream,60
FA-0078-09,L,Cream,7
FA-0078-10,XL,Cream,17
FA-0078-11,XXL,Cream,47
FA-0078-12,XS,Black,35
FA-0078-13,S,Black,52
FA-0078-14,M,Black,62
FA-0078-15,L,Black,81
FA-0078-16,XL,Black,57
FA-0078-17,XXL,Black,1
FA-0079-00,XS,Black,0
FA-0079-01,S,Black,22
FA-0079-02,M,Black,54
FA-0079-03,L,Black,0
FA-0079-04,XL,Black,83
FA-0079-05,XXL,Black,121
FA-0079-06,XS,Khaki,108
FA-0079-07,S,Khaki,51
FA-0079-08,M,Khaki,5
FA-0079-09,L,Khaki,65
FA-0079-10,XL,Khaki,46
FA-0079-11,XXL,Khaki,35
FA-0079-12,XS,Rose,47
FA-0079-13,S,Rose,44
FA-0079-14,M,Rose,66
FA-0079-15,L,Rose,66
FA-0079-16,XL,Rose,60
FA-0079-17,XXL,Rose,77
FA-0079-18,XS,Lilac,0
FA-0079-19,S,Lilac,97
FA-0079-20,M,Lilac,0
FA-0079-21,L,Lilac,0
FA-0079-22,XL,Lilac,97
FA-0079-23,XXL,Lilac,5
FA-0080-00,XS,Cream,13
FA-0080-01,S,Cream,0
FA-0080-02,M,Cream,81
FA-0080-03,L,Cream,90
FA-0080-04,XL,Cream,0
FA-0081-00,XS,Rust,0
FA-0081-01,S,Rust,75
FA-0081-02,M,Rust,0
FA-0081-03,L,Rust,67
FA-0081-04,XL,Rust,8
FA-0081-05,XXL,Rust,83
FA-0081-06,XS,Olive,64
FA-0081-07,S,Olive,21
FA-0081-08,M,Olive,0
FA-0081-09,L,Olive,0
FA-0081-10,XL,Olive,6
FA-0081-11,XXL,Olive,22
FA-0081-12,XS,Emerald,42
FA-0081-13,S,Emerald,10
FA-0081-14,M,Emerald,53
FA-0081-15,L,Emerald,128
FA-0081-16,XL,Emerald,5
FA-0081-17,XXL,Emerald,6
FA-0082-00,XS,Sky Blue,51
FA-0082-01,S,Sky Blue,33
FA-0082-02,M,Sky Blue,0
FA-0082-03,L,Sky Blue,0
FA-0082-04,XL,Sky Blue,133
FA-0082-05,XXL,Sky Blue,87
FA-0082-06,XS,Tan,40
FA-0082-07,S,Tan,146
FA-0082-08,M,Tan,7
FA-0082-09,L,Tan,89
FA-0082-10,XL,Tan,71
FA-0082-11,XXL,Tan,112
FA-0082-12,XS,Cream,122
FA-0082-13,S,Cream,0
FA-0082-14,M,Cream,29
FA-0082-15,L,Cream,78
FA-0082-16,XL,Cream,32
FA-0082-17,XXL,Cream,140
FA-0083-00,XS,Terracotta,45
FA-0083-01,S,Terracotta,67
FA-0083-02,M,Terracotta,6
FA-0083-03,L,Terracotta,21
FA-0083-04,XL,Terracotta,108
FA-0084-00,XS,Olive,18
FA-0084-01,S,Olive,81
FA-0084-02,M,Olive,107
FA-0084-03,L,Olive,88
FA-0084-04,XL,Olive,99
FA-0084-05,XXL,Olive,29
FA-0084-06,XS,Pearl,3
FA-0084-07,S,Pearl,7
FA-0084-08,M,Pearl,47
FA-0084-09,L,Pearl,49
FA-0084-10,XL,Pearl,10
FA-0084-11,XXL,Pearl,82
FA-0085-00,XS,Rose,146
FA-0085-01,S,Rose,34
FA-0085-02,M,Rose,97
FA-0085-03,L,Rose,62
FA-0085-04,XL,Rose,70
FA-0085-05,XXL,Rose,121
FA-0086-00,XS,Denim Blue,81
FA-0086-01,S,Denim Blue,5
FA-0086-02,M,Denim Blue,45
FA-0086-03,L,Denim Blue,26
FA-0086-04,XL,Denim Blue,18
FA-0086-05,XXL,Denim Blue,0
FA-0086-06,XS,Cream,142
FA-0086-07,S,Cream,15
FA-0086-08,M,Cream,51
FA-0086-09,L,Cream,48
FA-0086-10,XL,Cream,72
FA-0086-11,XXL,Cream,3
FA-0086-12,XS,White,0
FA-0086-13,S,White,36
FA-0086-14,M,White,53
FA-0086-15,L,White,71
FA-0086-16,XL,White,50
FA-0086-17,XXL,White,0
FA-0087-00,XS,Brown,89
FA-0087-01,S,Brown,86
FA-0087-02,M,Brown,0
FA-0087-03,L,Brown,67
FA-0087-04,XL,Brown,8
FA-0087-05,XXL,Brown,75
FA-0087-06,XS,Burgundy,33
FA-0087-07,S,Burgundy,38
FA-0087-08,M,Burgundy,83
FA-0087-09,L,Burgundy,109
FA-0087-10,XL,Burgundy,60
FA-0087-11,XXL,Burgundy,72
FA-0088-00,XS,Maroon,5
FA-0088-01,S,Maroon,164
FA-0088-02,M,Maroon,82
FA-0088-03,L,Maroon,0
FA-0088-04,XL,Maroon,90
FA-0088-05,XS,Charcoal,75
FA-0088-06,S,Charcoal,111
FA-0088-07,M,Charcoal,6
FA-0088-08,L,Charcoal,54
FA-0088-09,XL,Charcoal,11
FA-0089-00,24,Maroon,25
FA-0089-01,25,Maroon,36
FA-0089-02,26,Maroon,83
FA-0089-03,27,Maroon,126
FA-0089-04,28,Maroon,75
FA-0089-05,29,Maroon,12
FA-0089-06,30,Maroon,77
FA-0089-07,31,Maroon,107
FA-0089-08,32,Maroon,0
FA-0089-09,33,Maroon,54
FA-0089-10,34,Maroon,60
FA-0089-11,24,Denim Blue,28
FA-0089-12,25,Denim Blue,85
FA-0089-13,26,Denim Blue,55
FA-0089-14,27,Denim Blue,76
FA-0089-15,28,Denim Blue,24
FA-0089-16,29,Denim Blue,42
FA-0089-17,30,Denim Blue,88
FA-0089-18,31,Denim Blue,45
FA-0089-19,32,Denim Blue,129
FA-0089-20,33,Denim Blue,44
FA-0089-21,34,Denim Blue,68
FA-0089-22,24,Pearl,97
FA-0089-23,25,Pearl,3
FA-0089-24,26,Pearl,0
FA-0089-25,27,Pearl,0
FA-0089-26,28,Pearl,4
FA-0089-27,29,Pearl,37
FA-0089-28,30,Pearl,162
FA-0089-29,31,Pearl,0
FA-0089-30,32,Pearl,67
FA-0089-31,33,Pearl,121
FA-0089-32,34,Pearl,140
FA-0090-00,XS,Cobalt,108
FA-0090-01,S,Cobalt,8
FA-0090-02,M,Cobalt,83
FA-0090-03,L,Cobalt,91
FA-0090-04,XL,Cobalt,37
FA-0091-00,24,Forest Green,4
FA-0091-01,25,Forest Green,53
FA-0091-02,26,Forest Green,41
FA-0091-03,27,Forest Green,1
FA-0091-04,28,Forest Green,98
FA-0091-05,29,Forest Green,63
FA-0091-06,30,Forest Green,119
FA-0091-07,31,Forest Green,14
FA-0091-08,32,Forest Green,52
FA-0091-09,33,Forest Green,31
FA-0091-10,34,Forest Green,0
FA-0091-11,24,Mustard,56
FA-0091-12,25,Mustard,55
FA-0091-13,26,Mustard,120
FA-0091-14,27,Mustard,85
FA-0091-15,28,Mustard,19
FA-0091-16,29,Mustard,134
FA-0091-17,30,Mustard,108
FA-0091-18,31,Mustard,83
FA-0091-19,32,Mustard,5
FA-0091-20,33,Mustard,21
FA-0091-21,34,Mustard,2
FA-0091-22,24,Pearl,2
FA-0091-23,25,Pearl,135
FA-0091-24,26,Pearl,121
FA-0091-25,27,Pearl,40
FA-0091-26,28,Pearl,15
FA-0091-27,29,Pearl,65
FA-0091-28,30,Pearl,0
FA-0091-29,31,Pearl,72
FA-0091-30,32,Pearl,54
FA-0091-31,33,Pearl,2
FA-0091-32,34,Pearl,0
FA-0091-33,24,Cobalt,80
FA-0091-34,25,Cobalt,38
FA-0091-35,26,Cobalt,13
FA-0091-36,27,Cobalt,0
FA-0091-37,28,Cobalt,58
FA-0091-38,29,Cobalt,2
FA-0091-39,30,Cobalt,126
FA-0091-40,31,Cobalt,41
FA-0091-41,32,Cobalt,35
FA-0091-42,33,Cobalt,5
FA-0091-43,34,Cobalt,20
FA-0092-00,XS,Terracotta,5
FA-0092-01,S,Terracotta,109
FA-0092-02,M,Terracotta,1
FA-0092-03,L,Terracotta,0
FA-0092-04,XL,Terracotta,24
FA-0093-00,24,Ivory,50
FA-0093-01,25,Ivory,74
FA-0093-02,26,Ivory,96
FA-0093-03,27,Ivory,27
FA-0093-04,28,Ivory,119
FA-0093-05,29,Ivory,49
FA-0093-06,30,Ivory,59
FA-0093-07,31,Ivory,10
FA-0093-08,32,Ivory,0
FA-0093-09,33,Ivory,95
FA-0093-10,34,Ivory,89
FA-0093-11,24,Emerald,48
FA-0093-12,25,Emerald,62
FA-0093-13,26,Emerald,80
FA-0093-14,27,Emerald,0
FA-0093-15,28,Emerald,0
FA-0093-16,29,Emerald,9
FA-0093-17,30,Emerald,9
FA-0093-18,31,Emerald,71
FA-0093-19,32,Emerald,5
FA-0093-20,33,Emerald,78
FA-0093-21,34,Emerald,58
FA-0093-22,24,Navy,0
FA-0093-23,25,Navy,106
FA-0093-24,26,Navy,30
FA-0093-25,27,Navy,3
FA-0093-26,28,Navy,68
FA-0093-27,29,Navy,105
FA-0093-28,30,Navy,19
FA-0093-29,31,Navy,62
FA-0093-30,32,Navy,77
FA-0093-31,33,Navy,87
FA-0093-32,34,Navy,0
FA-0094-00,24,Khaki,7
FA-0094-01,25,Khaki,0
FA-0094-02,26,Khaki,17
FA-0094-03,27,Khaki,0
FA-0094-04,28,Khaki,77
FA-0094-05,29,Khaki,96
FA-0094-06,30,Khaki,0
FA-0094-07,31,Khaki,19
FA-0094-08,32,Khaki,84
FA-0094-09,33,Khaki,142
FA-0094-10,34,Khaki,60
FA-0094-11,24,Olive,4
FA-0094-12,25,Olive,0
FA-0094-13,26,Olive,114
FA-0094-14,27,Olive,34
FA-0094-15,28,Olive,3
FA-0094-16,29,Olive,40
FA-0094-17,30,Olive,21
FA-0094-18,31,Olive,64
FA-0094-19,32,Olive,124
FA-0094-20,33,Olive,72
FA-0094-21,34,Olive,49
FA-0094-22,24,Cobalt,10
FA-0094-23,25,Cobalt,0
FA-0094-24,26,Cobalt,95
FA-0094-25,27,Cobalt,56
FA-0094-26,28,Cobalt,0
FA-0094-27,29,Cobalt,187
FA-0094-28,30,Cobalt,71
FA-0094-29,31,Cobalt,29
FA-0094-30,32,Cobalt,42
FA-0094-31,33,Cobalt,105
FA-0094-32,34,Cobalt,64
FA-0094-33,24,Emerald,2
FA-0094-34,25,Emerald,96
FA-0094-35,26,Emerald,33
FA-0094-36,27,Emerald,134
FA-0094-37,28,Emerald,103
FA-0094-38,29,Emerald,42
FA-0094-39,30,Emerald,111
FA-0094-40,31,Emerald,62
FA-0094-41,32,Emerald,94
FA-0094-42,33,Emerald,79
FA-0094-43,34,Emerald,26
FA-0095-00,XS,Coral,101
FA-0095-01,S,Coral,46
FA-0095-02,M,Coral,43
FA-0095-03,L,Coral,21
FA-0095-04,XL,Coral,76
FA-0095-05,XXL,Coral,142
FA-0095-06,XS,Blush,17
FA-0095-07,S,Blush,0
FA-0095-08,M,Blush,116
FA-0095-09,L,Blush,56
FA-0095-10,XL,Blush,78
FA-0095-11,XXL,Blush,17
FA-0096-00,24,Burgundy,9
FA-0096-01,25,Burgundy,99
FA-0096-02,26,Burgundy,107
FA-0096-03,27,Burgundy,163
FA-0096-04,28,Burgundy,83
FA-0096-05,29,Burgundy,73
FA-0096-06,30,Burgundy,67
FA-0096-07,31,Burgundy,45
FA-0096-08,32,Burgundy,0
FA-0096-09,33,Burgundy,48
FA-0096-10,34,Burgundy,66
FA-0097-00,XS,Mint,19
FA-0097-01,S,Mint,105
FA-0097-02,M,Mint,112
FA-0097-03,L,Mint,55
FA-0097-04,XL,Mint,0
FA-0097-05,XXL,Mint,35
FA-0097-06,XS,Emerald,111
FA-0097-07,S,Emerald,59
FA-0097-08,M,Emerald,20
FA-0097-09,L,Emerald,0
FA-0097-10,XL,Emerald,93
FA-0097-11,XXL,Emerald,81
FA-0098-00,XS,Pearl,45
FA-0098-01,S,Pearl,44
FA-0098-02,M,Pearl,23
FA-0098-03,L,Pearl,124
FA-0098-04,XL,Pearl,47
FA-0098-05,XS,Charcoal,108
FA-0098-06,S,Charcoal,120
FA-0098-07,M,Charcoal,99
FA-0098-08,L,Charcoal,42
FA-0098-09,XL,Charcoal,76
FA-0099-00,XS,Rose,23
FA-0099-01,S,Rose,72
FA-0099-02,M,Rose,12
FA-0099-03,L,Rose,107
FA-0099-04,XL,Rose,0
FA-0099-05,XXL,Rose,68
FA-0099-06,XS,Rust,71
FA-0099-07,S,Rust,49
FA-0099-08,M,Rust,2
FA-0099-09,L,Rust,41
FA-0099-10,XL,Rust,94
FA-0099-11,XXL,Rust,6
FA-0099-12,XS,Pearl,65
FA-0099-13,S,Pearl,137
FA-0099-14,M,Pearl,3
FA-0099-15,L,Pearl,0
FA-0099-16,XL,Pearl,2
FA-0099-17,XXL,Pearl,0
FA-0099-18,XS,Olive,74
FA-0099-19,S,Olive,79
FA-0099-20,M,Olive,85
FA-0099-21,L,Olive,104
FA-0099-22,XL,Olive,0
FA-0099-23,XXL,Olive,50
FA-0100-00,XS,Burgundy,5
FA-0100-01,S,Burgundy,54
FA-0100-02,M,Burgundy,21
FA-0100-03,L,Burgundy,3
FA-0100-04,XL,Burgundy,55
FA-0100-05,XXL,Burgundy,0
